run_time,signal_date,strategy,trading_day,tranches_due,symbol,close,average,above,target_weight,price,current_qty,target_qty,order_qty,action,reason
2026-10-04 12:18:47,2026-10-02,trend_allocation,2,all (initial),DBC,32.54,28.28,True,0.1429,32.54,0.0,439.0201,439.02,NO TRADE (BUY 439.02 blocked: market closed (next open 2026-10-05 09:30:00-04:00)),"trading day 2 of Oct; tranches rebalance on days [1, 6, 11, 16]; due: all (initial); new ledger: all tranches rebalance now"
2026-10-04 12:18:47,2026-10-02,trend_allocation,2,all (initial),EFA,103.96,101.61,True,0.1429,103.96,0.0,137.4155,137.4154,NO TRADE (BUY 137.415 blocked: market closed (next open 2026-10-05 09:30:00-04:00)),"trading day 2 of Oct; tranches rebalance on days [1, 6, 11, 16]; due: all (initial); new ledger: all tranches rebalance now"
2026-10-04 12:18:47,2026-10-02,trend_allocation,2,all (initial),GLD,380.14,408.64,False,0.0,380.14,0.0,0.0,0.0,NO TRADE,"trading day 2 of Oct; tranches rebalance on days [1, 6, 11, 16]; due: all (initial); new ledger: all tranches rebalance now"
2026-10-04 12:18:47,2026-10-02,trend_allocation,2,all (initial),IEF,89.05,92.64,False,0.0,89.05,0.0,0.0,0.0,NO TRADE,"trading day 2 of Oct; tranches rebalance on days [1, 6, 11, 16]; due: all (initial); new ledger: all tranches rebalance now"
2026-10-04 12:18:47,2026-10-02,trend_allocation,2,all (initial),SPY,769.64,721.56,True,0.1429,769.64,0.0,18.5616,18.5615,NO TRADE (BUY 18.5615 blocked: market closed (next open 2026-10-05 09:30:00-04:00)),"trading day 2 of Oct; tranches rebalance on days [1, 6, 11, 16]; due: all (initial); new ledger: all tranches rebalance now"
2026-10-04 12:18:47,2026-10-02,trend_allocation,2,all (initial),TLT,77.48,83.28,False,0.0,77.48,0.0,0.0,0.0,NO TRADE,"trading day 2 of Oct; tranches rebalance on days [1, 6, 11, 16]; due: all (initial); new ledger: all tranches rebalance now"
2026-10-04 12:18:47,2026-10-02,trend_allocation,2,all (initial),VNQ,89.5,92.05,False,0.0,89.5,0.0,0.0,0.0,NO TRADE,"trading day 2 of Oct; tranches rebalance on days [1, 6, 11, 16]; due: all (initial); new ledger: all tranches rebalance now"
2026-10-04 12:18:47,2026-10-02,trend_allocation,2,all (initial),BIL,91.43,,,0.5714,91.43,0.0,624.9902,624.9902,NO TRADE (BUY 624.99 blocked: market closed (next open 2026-10-05 09:30:00-04:00)),"trading day 2 of Oct; tranches rebalance on days [1, 6, 11, 16]; due: all (initial); new ledger: all tranches rebalance now"
2026-10-04 12:19:07,2026-10-02,trend_allocation,2,all (initial),DBC,32.54,28.28,True,0.1429,32.54,0.0,439.0201,439.02,DRY RUN: would BUY 439.02,"trading day 2 of Oct; tranches rebalance on days [1, 6, 11, 16]; due: all (initial); new ledger: all tranches rebalance now; a live run now would be blocked: market closed (next open 2026-10-05 09:30:00-04:00)"
2026-10-04 12:19:07,2026-10-02,trend_allocation,2,all (initial),EFA,103.96,101.61,True,0.1429,103.96,0.0,137.4155,137.4154,DRY RUN: would BUY 137.415,"trading day 2 of Oct; tranches rebalance on days [1, 6, 11, 16]; due: all (initial); new ledger: all tranches rebalance now; a live run now would be blocked: market closed (next open 2026-10-05 09:30:00-04:00)"
2026-10-04 12:19:07,2026-10-02,trend_allocation,2,all (initial),GLD,380.14,408.64,False,0.0,380.14,0.0,0.0,0.0,NO TRADE,"trading day 2 of Oct; tranches rebalance on days [1, 6, 11, 16]; due: all (initial); new ledger: all tranches rebalance now; a live run now would be blocked: market closed (next open 2026-10-05 09:30:00-04:00)"
2026-10-04 12:19:07,2026-10-02,trend_allocation,2,all (initial),IEF,89.05,92.64,False,0.0,89.05,0.0,0.0,0.0,NO TRADE,"trading day 2 of Oct; tranches rebalance on days [1, 6, 11, 16]; due: all (initial); new ledger: all tranches rebalance now; a live run now would be blocked: market closed (next open 2026-10-05 09:30:00-04:00)"
2026-10-04 12:19:07,2026-10-02,trend_allocation,2,all (initial),SPY,769.64,721.56,True,0.1429,769.64,0.0,18.5616,18.5615,DRY RUN: would BUY 18.5615,"trading day 2 of Oct; tranches rebalance on days [1, 6, 11, 16]; due: all (initial); new ledger: all tranches rebalance now; a live run now would be blocked: market closed (next open 2026-10-05 09:30:00-04:00)"
2026-10-04 12:19:07,2026-10-02,trend_allocation,2,all (initial),TLT,77.48,83.28,False,0.0,77.48,0.0,0.0,0.0,NO TRADE,"trading day 2 of Oct; tranches rebalance on days [1, 6, 11, 16]; due: all (initial); new ledger: all tranches rebalance now; a live run now would be blocked: market closed (next open 2026-10-05 09:30:00-04:00)"
2026-10-04 12:19:07,2026-10-02,trend_allocation,2,all (initial),VNQ,89.5,92.05,False,0.0,89.5,0.0,0.0,0.0,NO TRADE,"trading day 2 of Oct; tranches rebalance on days [1, 6, 11, 16]; due: all (initial); new ledger: all tranches rebalance now; a live run now would be blocked: market closed (next open 2026-10-05 09:30:00-04:00)"
2026-10-04 12:19:07,2026-10-02,trend_allocation,2,all (initial),BIL,91.43,,,0.5714,91.43,0.0,624.9902,624.9902,DRY RUN: would BUY 624.99,"trading day 2 of Oct; tranches rebalance on days [1, 6, 11, 16]; due: all (initial); new ledger: all tranches rebalance now; a live run now would be blocked: market closed (next open 2026-10-05 09:30:00-04:00)"
