run_time,bar_date,symbol,price,close,ma_fast,ma_slow,sma_trend,rsi,macd,macd_signal,volume,vol_avg,adx,atr,crossover,cross_age,trend,rsi_filter,macd_filter,volume_filter,adx_filter,position_qty,entry_price,stop_price,qty,market_open,dry_run,signal,action,reason
2026-10-04 04:58:03,2026-10-02,AAPL,333.69,333.69,331.89,322.36,288.8,54.74,3.8206,4.8388,33245500,42234205.0,17.19,7.03,NONE,,PASS,PASS,FAIL,FAIL,FAIL,0.0,,,,False,True,NONE,NO TRADE,no up-crossover (crossover=NONE)
2026-10-04 04:59:21,2026-10-02,AAPL,333.69,333.69,331.89,322.36,288.8,54.74,3.8206,4.8388,33245500,42234205.0,17.19,7.03,NONE,,PASS,PASS,FAIL,FAIL,FAIL,0.0,,,,False,True,NONE,NO TRADE,no up-crossover (crossover=NONE)
2026-10-04 05:00:17,2026-10-02,AAPL,333.69,333.69,331.89,322.36,288.8,54.74,3.8206,4.8388,33245500,42234205.0,17.19,7.03,NONE,,PASS,PASS,FAIL,FAIL,FAIL,0.0,,,,False,True,NONE,NO TRADE,no up-crossover (crossover=NONE)
2026-10-04 05:18:39,2026-10-02,SPY,769.64,769.64,763.98,762.23,717.04,55.39,1.3517,1.3479,46306400,46045870.0,9.56,6.74,NONE,,PASS,PASS,PASS,PASS,FAIL,0.0,,,,False,True,NONE,NO TRADE,no up-crossover (crossover=NONE)
2026-10-04 05:18:40,2026-10-02,QQQ,749.58,749.58,727.41,716.23,667.23,65.59,8.4118,6.6604,34467100,33875335.0,14.09,9.49,NONE,,PASS,PASS,PASS,PASS,FAIL,0.0,,,,False,True,NONE,NO TRADE,no up-crossover (crossover=NONE)
2026-10-04 05:24:08,2026-10-02,SPY,769.64,769.64,763.98,762.23,717.04,55.39,1.3517,1.3479,46306400,46045870.0,9.56,6.74,NONE,,PASS,PASS,PASS,PASS,FAIL,0.0,,,,False,True,NONE,NO TRADE,no up-crossover (crossover=NONE)
2026-10-04 05:24:09,2026-10-02,QQQ,749.58,749.58,727.41,716.23,667.23,65.59,8.4118,6.6604,34467100,33875335.0,14.09,9.49,NONE,,PASS,PASS,PASS,PASS,FAIL,0.0,,,,False,True,NONE,NO TRADE,no up-crossover (crossover=NONE)
2026-10-04 10:53:00,2026-10-02,SPY,769.64,769.64,765.94,763.88,717.04,55.39,1.3517,1.3479,46306400,46045870.0,9.56,6.74,NONE,9,OFF,OFF,OFF,OFF,OFF,0.0,,,10,False,True,BUY,NO TRADE (BUY 10 blocked: market closed (next open 2026-10-05 09:30:00-04:00)),up-crossover 9 day(s) ago and all enabled filters passed
2026-10-04 10:53:01,2026-10-02,QQQ,749.58,749.58,738.6,726.89,667.23,65.59,8.4118,6.6604,34467100,33875335.0,14.09,9.49,NONE,10,OFF,OFF,OFF,OFF,OFF,0.0,,,11,False,True,BUY,NO TRADE (BUY 11 blocked: 1 open order(s) already pending for QQQ; market closed (next open 2026-10-05 09:30:00-04:00)),up-crossover 10 day(s) ago and all enabled filters passed
2026-10-04 10:53:02,2026-10-02,IWM,281.52,281.52,281.52,286.69,275.13,40.03,-3.7894,-3.5843,29774200,24317885.0,37.1,3.61,NONE,43,OFF,OFF,OFF,OFF,OFF,0.0,,,,False,True,NONE,NO TRADE,no up-crossover in the last 10 days (crossover=NONE)
2026-10-04 10:53:04,2026-10-02,DIA,511.1,511.1,513.33,519.46,499.61,39.69,-4.5246,-3.8537,3977100,3434105.0,22.42,4.95,NONE,120,OFF,OFF,OFF,OFF,OFF,0.0,,,,False,True,NONE,NO TRADE,no up-crossover in the last 10 days (crossover=NONE)
2026-10-04 10:53:05,2026-10-02,XLK,199.81,199.81,195.24,190.42,164.58,68.96,3.4433,2.7591,8941200,7341480.0,16.79,3.21,NONE,40,OFF,OFF,OFF,OFF,OFF,0.0,,,,False,True,NONE,NO TRADE,no up-crossover in the last 10 days (crossover=NONE)
2026-10-04 10:53:06,2026-10-02,XLF,53.49,53.49,54.3,55.55,53.32,27.51,-0.9243,-0.6942,30275700,38020855.0,34.18,0.7,NONE,83,OFF,OFF,OFF,OFF,OFF,0.0,,,,False,True,NONE,NO TRADE,no up-crossover in the last 10 days (crossover=NONE)
2026-10-04 10:53:07,2026-10-02,XLE,62.82,62.82,62.5,62.47,55.88,51.65,-0.0199,0.2245,29238100,34641940.0,18.72,1.21,UP,0,OFF,OFF,OFF,OFF,OFF,0.0,,,132,False,True,BUY,NO TRADE (BUY 132 blocked: market closed (next open 2026-10-05 09:30:00-04:00)),up-crossover today and all enabled filters passed
2026-10-04 10:53:08,2026-10-02,XLV,166.18,166.18,168.37,168.24,155.5,42.55,0.037,0.378,7148000,8113995.0,15.04,2.38,NONE,92,OFF,OFF,OFF,OFF,OFF,0.0,,,,False,True,NONE,NO TRADE,no up-crossover in the last 10 days (crossover=NONE)
2026-10-04 10:53:09,2026-10-02,XLI,169.95,169.95,169.29,172.09,171.48,44.56,-2.0443,-2.3759,6115800,7426410.0,29.35,2.37,NONE,121,OFF,OFF,OFF,OFF,OFF,0.0,,,,False,True,NONE,NO TRADE,no up-crossover in the last 10 days (crossover=NONE)
2026-10-04 10:53:11,2026-10-02,XLY,110.04,110.04,110.03,112.13,115.91,41.58,-1.5237,-1.4656,8619400,6730270.0,24.09,1.53,NONE,41,OFF,OFF,OFF,OFF,OFF,0.0,,,,False,True,NONE,NO TRADE,no up-crossover in the last 10 days (crossover=NONE)
2026-10-04 10:53:12,2026-10-02,XLP,80.53,80.53,81.51,82.75,82.68,34.77,-0.8996,-0.7156,9318800,11045525.0,16.76,0.95,NONE,79,OFF,OFF,OFF,OFF,OFF,0.0,,,,False,True,NONE,NO TRADE,no up-crossover in the last 10 days (crossover=NONE)
2026-10-04 10:53:13,2026-10-02,XLU,39.83,39.83,39.94,41.18,43.79,35.38,-0.891,-0.8731,63645000,29631250.0,34.36,0.59,NONE,71,OFF,OFF,OFF,OFF,OFF,0.0,,,,False,True,NONE,NO TRADE,no up-crossover in the last 10 days (crossover=NONE)
2026-10-04 10:58:13,2026-10-02,SPY,769.64,769.64,765.94,763.88,717.04,55.39,1.3517,1.3479,46306400,46045870.0,9.56,6.74,NONE,9,OFF,OFF,OFF,OFF,OFF,0.0,,,10,False,True,BUY,NO TRADE (BUY 10 blocked: market closed (next open 2026-10-05 09:30:00-04:00)),up-crossover 9 day(s) ago; no entry filters enabled
2026-10-04 10:58:14,2026-10-02,QQQ,749.58,749.58,738.6,726.89,667.23,65.59,8.4118,6.6604,34467100,33875335.0,14.09,9.49,NONE,10,OFF,OFF,OFF,OFF,OFF,0.0,,,11,False,True,BUY,NO TRADE (BUY 11 blocked: 1 open order(s) already pending for QQQ; market closed (next open 2026-10-05 09:30:00-04:00)),up-crossover 10 day(s) ago; no entry filters enabled
2026-10-04 10:58:15,2026-10-02,IWM,281.52,281.52,281.52,286.69,275.13,40.03,-3.7894,-3.5843,29774200,24317885.0,37.1,3.61,NONE,43,OFF,OFF,OFF,OFF,OFF,0.0,,,,False,True,NONE,NO TRADE,no up-crossover in the last 10 days (crossover=NONE)
2026-10-04 10:58:16,2026-10-02,DIA,511.1,511.1,513.33,519.46,499.61,39.69,-4.5246,-3.8537,3977100,3434105.0,22.42,4.95,NONE,120,OFF,OFF,OFF,OFF,OFF,0.0,,,,False,True,NONE,NO TRADE,no up-crossover in the last 10 days (crossover=NONE)
2026-10-04 10:58:17,2026-10-02,XLK,199.81,199.81,195.24,190.42,164.58,68.96,3.4433,2.7591,8941200,7341480.0,16.79,3.21,NONE,40,OFF,OFF,OFF,OFF,OFF,0.0,,,,False,True,NONE,NO TRADE,no up-crossover in the last 10 days (crossover=NONE)
2026-10-04 10:58:18,2026-10-02,XLF,53.49,53.49,54.3,55.55,53.32,27.51,-0.9243,-0.6942,30275700,38020855.0,34.18,0.7,NONE,83,OFF,OFF,OFF,OFF,OFF,0.0,,,,False,True,NONE,NO TRADE,no up-crossover in the last 10 days (crossover=NONE)
2026-10-04 10:58:20,2026-10-02,XLE,62.82,62.82,62.5,62.47,55.88,51.65,-0.0199,0.2245,29238100,34641940.0,18.72,1.21,UP,0,OFF,OFF,OFF,OFF,OFF,0.0,,,132,False,True,BUY,NO TRADE (BUY 132 blocked: market closed (next open 2026-10-05 09:30:00-04:00)),up-crossover today; no entry filters enabled
2026-10-04 10:58:21,2026-10-02,XLV,166.18,166.18,168.37,168.24,155.5,42.55,0.037,0.378,7148000,8113995.0,15.04,2.38,NONE,92,OFF,OFF,OFF,OFF,OFF,0.0,,,,False,True,NONE,NO TRADE,no up-crossover in the last 10 days (crossover=NONE)
2026-10-04 10:58:22,2026-10-02,XLI,169.95,169.95,169.29,172.09,171.48,44.56,-2.0443,-2.3759,6115800,7426410.0,29.35,2.37,NONE,121,OFF,OFF,OFF,OFF,OFF,0.0,,,,False,True,NONE,NO TRADE,no up-crossover in the last 10 days (crossover=NONE)
2026-10-04 10:58:23,2026-10-02,XLY,110.04,110.04,110.03,112.13,115.91,41.58,-1.5237,-1.4656,8619400,6730270.0,24.09,1.53,NONE,41,OFF,OFF,OFF,OFF,OFF,0.0,,,,False,True,NONE,NO TRADE,no up-crossover in the last 10 days (crossover=NONE)
2026-10-04 10:58:24,2026-10-02,XLP,80.53,80.53,81.51,82.75,82.68,34.77,-0.8996,-0.7156,9318800,11045525.0,16.76,0.95,NONE,79,OFF,OFF,OFF,OFF,OFF,0.0,,,,False,True,NONE,NO TRADE,no up-crossover in the last 10 days (crossover=NONE)
2026-10-04 10:58:25,2026-10-02,XLU,39.83,39.83,39.94,41.18,43.79,35.38,-0.891,-0.8731,63645000,29631250.0,34.36,0.59,NONE,71,OFF,OFF,OFF,OFF,OFF,0.0,,,,False,True,NONE,NO TRADE,no up-crossover in the last 10 days (crossover=NONE)
