regime_type,regime,strategy,share_of_days,days,ann_return,ann_compounded,ann_vol,sharpe,positive_days
Trend,bear,Trend allocation (4 parts),0.20909639766552626,1039.0,0.018275643104428467,0.016384448139799963,0.0636125629906737,0.07515809020760957,0.5149181905678537
Trend,bull,Trend allocation (4 parts),0.7909036023344738,3930.0,0.06200727942248569,0.06177466325520339,0.06413510038883208,0.7329275812522256,0.5625954198473282
Trend,bear,Setup J (archived),0.20909639766552626,1039.0,0.05742200513164735,0.05316722357932544,0.10605793699243458,0.4127069637003412,0.5110683349374399
Trend,bull,Setup J (archived),0.7909036023344738,3930.0,0.05150324492159693,0.05050954933065076,0.0666475218292169,0.5478157147387619,0.5580152671755725
Trend,bear,SPY buy & hold,0.20909639766552626,1039.0,0.14890800387058037,0.0950581159015253,0.3411385741843126,0.39518218389493787,0.5312800769971127
Trend,bull,SPY buy & hold,0.7909036023344738,3930.0,0.1161438876253208,0.1132772708191283,0.1325368158327937,0.7626991779727195,0.5557251908396946
Trend,bear,60/40 SPY/IEF,0.20909639766552626,1039.0,0.09868665188289195,0.08442015094949602,0.1879168630080938,0.4497981452445414,0.5303176130895092
Trend,bull,60/40 SPY/IEF,0.7909036023344738,3930.0,0.0803338511340364,0.08041893261901448,0.0770602095863063,0.8471899648341473,0.5577608142493639
Volatility,high,Trend allocation (4 parts),0.46407727913060975,2306.0,0.05785256445374877,0.057276599880310274,0.06556503006139412,0.6688594634611257,0.5398959236773634
Volatility,low,Trend allocation (4 parts),0.5359227208693902,2663.0,0.048542616479731605,0.047673275680039096,0.06268074040158399,0.5314456698386313,0.5636500187758168
Volatility,high,Setup J (archived),0.46407727913060975,2306.0,0.059981319001394286,0.05684693662173786,0.09680132383850308,0.4740375198043408,0.5342584562012143
Volatility,low,Setup J (archived),0.5359227208693902,2663.0,0.0464710079821413,0.0460831989504552,0.05317895844792821,0.5876638872212879,0.5602703717611716
Volatility,high,SPY buy & hold,0.46407727913060975,2306.0,0.12747445700281343,0.0994892309954839,0.25541742486401375,0.44270257842834954,0.5364267129228101
Volatility,low,SPY buy & hold,0.5359227208693902,2663.0,0.11911558262882313,0.11813479414346185,0.12172697328940424,0.8532478704575823,0.5628989861058956
Volatility,high,60/40 SPY/IEF,0.46407727913060975,2306.0,0.08738232053385467,0.08037792348880012,0.1418798284483878,0.5140707626043425,0.5394622723330442
Volatility,low,60/40 SPY/IEF,0.5359227208693902,2663.0,0.08139085058656365,0.08201385845899406,0.07144440222231746,0.9255460927323611,0.5628989861058956
