group,variant,standard,total_return,cagr,avg_annual_return,vol,sharpe,sortino,downside_dev,max_dd,calmar,monthly_win_rate,worst_year,worst_year_label,orders_per_year,switches_per_year,rebalances_per_year,turnover_per_year,avg_invested,sharpe 2007-2014,sharpe 2015-2026
Average length (months),6-month,False,1.7990205247427684,0.05350202968455453,0.05427646565324117,0.06435529366340316,0.6161946525760952,0.8580115268727411,0.046203215049692756,-0.09876327446406219,0.5417198849965505,0.5966386554621849,-0.04986744987980474,2015,289.49594482184943,82.74206294191045,47.6501109108554,2.3448004700605125,0.631166524364955,0.7177181529409802,0.5364899982180797
Average length (months),8-month,False,1.8390788743428677,0.054260368976133844,0.05503090905802739,0.06486647953899115,0.6223935862500484,0.8589769081359331,0.047029593128026015,-0.10655147589012448,0.5092408952841437,0.6134453781512605,-0.045885111229422626,2015,288.3312768612228,67.3481907666713,47.7513863856925,1.9241363815706074,0.6522783576111317,0.712471211027166,0.5527835985491427
Average length (months),9-month,False,1.817395910051153,0.053851162218399695,0.05462079787936231,0.0645391121103864,0.6190533685691169,0.8532533467424199,0.046864420127975155,-0.11306092923484334,0.47630213711178077,0.6218487394957983,-0.04285717001758549,2015,286.55895605157355,63.9048246222099,47.80202412311105,1.8151541338384605,0.6527810914069745,0.7055246123853596,0.5524865982670488
Average length (months),10-month,True,1.7232098486804492,0.05203823249996331,0.05286315180436103,0.06402961246809609,0.5966904255666767,0.8230817147682391,0.046446879521677774,-0.09917259235847264,0.5247239309008292,0.6218487394957983,-0.04866739804533704,2015,286.2551296270623,61.06911132677111,47.8526618605296,1.7569752264592637,0.6558446576898941,0.6838687419297376,0.5294174825543474
Average length (months),11-month,False,1.6564270889554136,0.050716338818367124,0.05164191908424663,0.06461504349041701,0.5727224407589164,0.7855540132689002,0.0471111392687313,-0.11387354772160496,0.44537418771176857,0.6218487394957983,-0.057646348296060856,2015,285.9006654651324,58.13212255649522,47.9539373353667,1.7097971297077237,0.6570285594737806,0.6923248417029295,0.4794259194495513
Average length (months),12-month,False,1.6982590216259048,0.051547995995212315,0.052440537624602296,0.06471032573003195,0.5844132979810392,0.8024704393051099,0.047113215902776576,-0.11399046506985511,0.4522132264626073,0.6176470588235294,-0.05762126877633744,2015,284.6853597670872,56.10661305975322,48.10585054762235,1.6787040513164007,0.6561471724586848,0.7449999920412016,0.45936286178569546
Daily average instead of monthly,150-day,False,1.9909188484880485,0.05704547127333792,0.057638839245952575,0.0643291621684118,0.6683782241284467,0.926302586826095,0.04642679972565138,-0.09374306590841153,0.6085300360143144,0.6134453781512605,-0.043249641919124504,2015,288.533827810897,69.77880216276168,47.7513863856925,1.9658176644923064,0.6500627743256179,0.7680981177074009,0.5911200773919105
Daily average instead of monthly,200-day,False,1.8379349995981484,0.05423885571445797,0.054963061172492556,0.06413506001251033,0.6284654777083628,0.868907601343992,0.04641401058994974,-0.10247520672581778,0.5292875949943601,0.6218487394957983,-0.04715594936094336,2015,286.2044918896437,60.05635657840011,47.8526618605296,1.7183151602194393,0.6560794709971816,0.7158896880343749,0.5612188668103228
Daily average instead of monthly,250-day,False,1.6947752215563976,0.051479203781042315,0.052384440592646804,0.0648568657210135,0.5821094797315535,0.7996938452887996,0.04720664821046467,-0.11452948403844387,0.4494842896852866,0.6134453781512605,-0.05922419733345641,2015,283.7738804935533,54.38492998752253,48.0552128102038,1.6287472367623146,0.6587818130435026,0.7402541930385721,0.45971728138625506
Signal for parts 2-4,21-trading-day steps,True,1.7232098486804492,0.05203823249996331,0.05286315180436103,0.06402961246809609,0.5966904255666767,0.8230817147682391,0.046446879521677774,-0.09917259235847264,0.5247239309008292,0.6218487394957983,-0.04866739804533704,2015,286.2551296270623,61.06911132677111,47.8526618605296,1.7569752264592637,0.6558446576898941,0.6838687419297376,0.5294174825543474
Signal for parts 2-4,last month-end signal,False,1.4467066304421494,0.04634983018226424,0.0476430970051366,0.06723999634094283,0.4896909136258368,0.6725890006270718,0.04907829657091671,-0.1375188649114184,0.33704343191110603,0.6386554621848739,-0.04198615521038074,2022,286.3057673644808,62.3856924996534,47.90329959794815,1.8060762705172502,0.6567419245073225,0.5192158970005614,0.47028095939039194
Rebalance schedule,"1 part, day 1",False,1.6508897493781274,0.05060532088742997,0.05164711489589449,0.06632801340497689,0.5565628849550976,0.7724336157212325,0.04791808587888779,-0.12319192148777669,0.41078441083047085,0.6260504201680672,-0.04425730507737091,2022,71.75367392208513,15.59642312491335,12.001143768196313,1.7933376505166925,0.6560654726572591,0.5980294194119353,0.5280326568640252
Rebalance schedule,"1 part, day 6",False,1.703173806604,0.05164490163675706,0.05255979810413278,0.06512248176082451,0.5815019010638199,0.796616440712372,0.04760913986182947,-0.09795688963646754,0.5272207174852009,0.6302521008403361,-0.048174342795978764,2022,71.95622487175933,14.684943851379455,12.102419243033411,1.658441640800299,0.6614818803073182,0.6180574348704766,0.5559634401114372
Rebalance schedule,"1 part, day 11",False,1.826255652165362,0.0540187256848339,0.054929750212580654,0.06679762833991669,0.6035710877697799,0.8263119325708035,0.048766300064416825,-0.13239478521092496,0.4080124877937895,0.6050420168067226,-0.05902582381348809,2015,70.84219464855123,15.393872175239151,12.001143768196313,1.8153337428021639,0.650268276815663,0.7145642359804888,0.518883043432437
Rebalance schedule,"1 part, day 16",False,1.7125201865743076,0.05182872517008996,0.05283943544516095,0.06670810192306374,0.573513783578806,0.7893083243408996,0.04840422900016862,-0.11369307917466809,0.45586526063266214,0.6218487394957983,-0.06221654941955157,2015,71.70303618466657,15.393872175239151,12.001143768196313,1.760787871717904,0.6554039076395414,0.7294142270537716,0.44807112788899534
Rebalance schedule,"2 parts, days 1/11",False,1.7385727007717442,0.05233796667276236,0.05319578367299047,0.0647689768183442,0.5946862829396534,0.8233566939091522,0.046835362360241745,-0.11551125762540715,0.45309840571981114,0.6302521008403361,-0.04726523545333272,2015,142.59586857063636,30.990295300152503,23.951649798974074,1.804335696659425,0.6531924873585134,0.6674381640877449,0.5394297649567137
Rebalance schedule,"4 parts, days 1/6/11/16",True,1.7232098486804492,0.05203823249996331,0.05286315180436103,0.06402961246809609,0.5966904255666767,0.8230817147682391,0.046446879521677774,-0.09917259235847264,0.5247239309008292,0.6218487394957983,-0.04866739804533704,2015,286.2551296270623,61.06911132677111,47.8526618605296,1.7569752264592637,0.6558446576898941,0.6838687419297376,0.5294174825543474
Rebalance schedule,"4 parts, days 3/8/13/18",False,1.856064236424377,0.05457885414638186,0.05537860557855558,0.0655552506672001,0.6212539379098136,0.8556554905911231,0.04761850004419712,-0.114389828054692,0.47713031022554425,0.6260504201680672,-0.04256867840579959,2015,287.87553722445585,60.25890752807431,47.8526618605296,1.751138285681648,0.6604423738662396,0.7838544500951525,0.4948136194222237
Cost per side,0 bp,False,1.8193948679912144,0.05388901197795182,0.054623803172558896,0.06402905753780681,0.624180753954162,0.8620911457609125,0.04638747168112649,-0.09752167168373405,0.5525849900596007,0.6260504201680672,-0.04657838452712704,2015,286.76150700124776,61.06911132677111,47.8526618605296,1.7571163921143307,0.6558439394480966,0.7076981195838878,0.5602214186365727
Cost per side,5 bp,True,1.7232098486804492,0.05203823249996331,0.05286315180436103,0.06402961246809609,0.5966904255666767,0.8230817147682391,0.046446879521677774,-0.09917259235847264,0.5247239309008292,0.6218487394957983,-0.04866739804533704,2015,286.2551296270623,61.06911132677111,47.8526618605296,1.7569752264592637,0.6558446576898941,0.6838687419297376,0.5294174825543474
Cost per side,10 bp,False,1.630305305511718,0.050190684607748226,0.05110260220825307,0.06403183873778673,0.5691877394122941,0.7841520382944673,0.04650759784486261,-0.10082056927099858,0.49782187276526085,0.6218487394957983,-0.05075146694887944,2015,286.2044918896437,61.06911132677111,47.8526618605296,1.756844754529968,0.6558463181945311,0.6600306995814353,0.49859651456047216
Cost per side,25 bp,False,1.3701363913626707,0.04466651391174903,0.045820793338811575,0.06404939507916192,0.4866085171777935,0.667844687230027,0.04669831080956856,-0.10574528414356421,0.4223972186892789,0.6176470588235294,-0.05697155545239563,2015,286.1032164148066,61.06911132677111,47.8526618605296,1.756491396891637,0.6558505714850694,0.5884363702172819,0.4060616538876683
Universe,7 assets (live),True,1.7232098486804492,0.05203823249996331,0.05286315180436103,0.06402961246809609,0.5966904255666767,0.8230817147682391,0.046446879521677774,-0.09917259235847264,0.5247239309008292,0.6218487394957983,-0.04866739804533704,2015,286.2551296270623,61.06911132677111,47.8526618605296,1.7569752264592637,0.6558446576898941,0.6838687419297376,0.5294174825543474
Universe,Faber original 5: SPY EFA IEF DBC VNQ,False,1.5818924500625982,0.04920322237001651,0.050993312310665645,0.07589020173941557,0.4783420962851444,0.6500111150817328,0.05593710154336219,-0.12315769195912596,0.39951400182415125,0.6218487394957983,-0.05085683359745019,2022,217.3371690004159,46.687993899902956,47.70074864827395,1.7869832858290708,0.6704508352434628,0.48908014982649556,0.47611166396296467
Universe,without SPY,False,1.4137171290249664,0.045630811420693806,0.04670905374572581,0.06349352861170769,0.5049010345924374,0.6996951426415031,0.04584207782636469,-0.10984411913333125,0.4154142413878899,0.5966386554621849,-0.047521750357509385,2015,247.82108692638292,55.600235685567725,47.8526618605296,1.8317601663352898,0.6344250385045191,0.6191921106135543,0.414052674464318
Universe,without EFA,False,1.7679371903780359,0.05290646207724636,0.05352120399706997,0.06135050375300016,0.6335426048800067,0.8776535218085281,0.044308634864145345,-0.10507135242316457,0.5035288959084754,0.6134453781512605,-0.04302346605224394,2022,252.17593234437823,54.08110356301123,47.8526618605296,1.798694111163839,0.6508113770672795,0.7903334221664009,0.5115557906164169
Universe,without IEF,False,1.9408615658246102,0.0561424356207223,0.057399720957513126,0.07327486115198102,0.5830654577317461,0.8011013371532036,0.05338419050386605,-0.11670370463887625,0.48106815284439713,0.6218487394957983,-0.05296047737404541,2015,252.02401913212256,52.865797864966034,47.7513863856925,1.74973369334049,0.6526437273499193,0.6219091190149805,0.5567595776795885
Universe,without TLT,False,1.8569201042018353,0.05459485452601465,0.05590761075331632,0.07295198818955519,0.5649046875337046,0.773387064233432,0.05336789054288328,-0.12307972719694871,0.44357308688744085,0.634453781512605,-0.042910665085934774,2022,254.7078192153057,53.77727713849993,47.8526618605296,1.7403216071689447,0.6696795599553352,0.5684620431456091,0.5696210514629299
Universe,without GLD,False,1.484857574265801,0.04716995621737108,0.04822615281131248,0.06416884964403545,0.5231862811993108,0.7176689830859877,0.046807900356567164,-0.09602930380426444,0.4912037716478412,0.6428571428571429,-0.047477734469029254,2015,249.69468321086927,53.87855261333703,47.8526618605296,1.8033733531826184,0.6542184698958379,0.6281808227670361,0.44009215115072137
Universe,without DBC,False,1.66374455195156,0.050862709867876,0.05185875264612654,0.065809305374012,0.5654959661567878,0.7806797570726206,0.0476830323149254,-0.10916148757977806,0.4659400581244755,0.6092436974789915,-0.07613481409041445,2022,252.98613614307502,53.77727713849993,47.143733536669906,1.7704200471473979,0.6737967128331052,0.7612920121384043,0.4131764597341605
Universe,without VNQ,False,1.920753825488175,0.055775576775005,0.05633248108258034,0.062724693536811,0.6653561783805155,0.9241034111665619,0.04512363661542613,-0.08246259077854268,0.6763742958888236,0.6134453781512605,-0.053666096046406264,2015,250.90998890891447,52.76452239012894,47.8526618605296,1.729441955248095,0.655193267468128,0.677085070280906,0.6604848358253672
Cash handling,"BIL, 0.05% cost, 0.5% buffer, $25 minimum",True,1.7232098486804492,0.05203823249996331,0.05286315180436103,0.06402961246809609,0.5966904255666767,0.8230817147682391,0.046446879521677774,-0.09917259235847264,0.5247239309008292,0.6218487394957983,-0.04866739804533704,2015,286.2551296270623,61.06911132677111,47.8526618605296,1.7569752264592637,0.6558446576898941,0.6838687419297376,0.5294174825543474
Cash handling,"frictionless cash, no buffer, no minimum",False,1.771975510539407,0.05298419553977718,0.053783985352338505,0.06434893489584985,0.6080223025298953,0.8391079117652284,0.04665718227820454,-0.09900071752664152,0.5351900154210387,0.6218487394957983,-0.04798949769714833,2015,249.39085678635797,53.67600166366283,47.8526618605296,1.0203839672359412,0.6591356022672513,0.6934234099377397,0.5423389714397763
