,Trend allocation (4 parts) | vol 63d,Trend allocation (4 parts) | sharpe 252d,Setup J (archived) | vol 63d,Setup J (archived) | sharpe 252d,SPY buy & hold | vol 63d,SPY buy & hold | sharpe 252d,60/40 SPY/IEF | vol 63d,60/40 SPY/IEF | sharpe 252d
2007-04-06,0.0829,,0.0318,,0.1287,,0.0731,
2007-04-13,0.0813,,0.037,,0.1278,,0.0723,
2007-04-20,0.0817,,0.0421,,0.1292,,0.0737,
2007-04-27,0.0814,,0.0435,,0.127,,0.0715,
2007-05-04,0.081,,0.0454,,0.1279,,0.0713,
2007-05-11,0.0838,,0.0471,,0.1298,,0.0715,
2007-05-18,0.0829,,0.0476,,0.1299,,0.0709,
2007-05-25,0.0842,,0.0481,,0.1312,,0.0717,
2007-06-01,0.0718,,0.0418,,0.0982,,0.0567,
2007-06-08,0.068,,0.0451,,0.1037,,0.0643,
2007-06-15,0.0707,,0.0464,,0.1015,,0.0671,
2007-06-22,0.0689,,0.0471,,0.1015,,0.067,
2007-06-29,0.0699,,0.0459,,0.1065,,0.0695,
2007-07-06,0.0707,,0.0445,,0.1064,,0.0698,
2007-07-13,0.0696,,0.0421,,0.1145,,0.0724,
2007-07-20,0.0676,,0.0384,,0.1143,,0.0713,
2007-07-27,0.0707,,0.0407,,0.1335,,0.0795,
2007-08-03,0.0706,,0.0385,,0.1473,,0.0855,
2007-08-10,0.0699,,0.0362,,0.1643,,0.0936,
2007-08-17,0.0699,,0.0347,,0.1726,,0.0988,
2007-08-24,0.0697,,0.0341,,0.1753,,0.1002,
2007-08-31,0.0692,,0.0334,,0.1858,,0.1051,
2007-09-07,0.0637,,0.0321,,0.1831,,0.0993,
2007-09-14,0.0577,,0.0315,,0.1807,,0.0952,
2007-09-21,0.0575,,0.0513,,0.1881,,0.1005,
2007-09-28,0.0583,,0.0543,,0.1853,,0.0989,
2007-10-05,0.0597,,0.0642,,0.1869,,0.0992,
2007-10-12,0.0603,,0.0673,,0.1833,,0.0976,
2007-10-19,0.0636,,0.0848,,0.191,,0.1014,
2007-10-26,0.0601,,0.0852,,0.1768,,0.0939,
2007-11-02,0.0677,,0.093,,0.1718,,0.091,
2007-11-09,0.0695,,0.0964,,0.1719,,0.0911,
2007-11-16,0.0763,,0.0976,,0.1768,,0.0918,
2007-11-23,0.0812,,0.0977,,0.1841,,0.0938,
2007-11-30,0.081,,0.0979,,0.1916,,0.0958,
2007-12-07,0.0817,,0.0973,,0.1937,,0.0977,
2007-12-14,0.0863,,0.1041,,0.2028,,0.1021,
2007-12-21,0.0863,,0.0989,,0.1979,,0.0964,
2007-12-28,0.0853,,0.0992,,0.1993,,0.0964,
2008-01-04,0.0867,0.9163,0.0981,-0.376,0.2045,-0.0984,0.0991,0.1466
2008-01-11,0.0855,1.0518,0.0925,-0.4041,0.206,-0.1651,0.1005,0.1344
2008-01-18,0.0865,0.8363,0.0913,-0.5645,0.216,-0.5398,0.1053,-0.2141
2008-01-25,0.0863,0.9435,0.0774,-0.5685,0.2184,-0.4645,0.1051,-0.0868
2008-02-01,0.0813,0.7258,0.0718,-0.6194,0.2251,-0.2748,0.111,0.0945
2008-02-08,0.0744,0.7076,0.0616,-0.7554,0.2203,-0.5534,0.1087,-0.2697
2008-02-15,0.0697,0.5879,0.0597,-0.7511,0.2118,-0.4913,0.1052,-0.2414
2008-02-22,0.0653,0.7601,0.06,-0.8163,0.2092,-0.4692,0.1041,-0.217
2008-02-29,0.0637,1.2153,0.0627,-0.7188,0.1928,-0.3369,0.0969,-0.0291
2008-03-07,0.065,1.3357,0.0626,-0.742,0.1922,-0.5253,0.0957,-0.2562
2008-03-14,0.0645,1.6904,0.0549,-0.7244,0.1991,-0.4644,0.0986,-0.141
2008-03-21,0.065,1.089,0.0487,-0.8001,0.2237,-0.4816,0.1109,-0.1506
2008-03-28,0.067,1.2316,0.0464,-0.7823,0.2258,-0.4296,0.1111,-0.1127
2008-04-04,0.0677,1.0883,0.0397,-0.8236,0.2359,-0.2811,0.1165,0.0441
2008-04-11,0.0674,1.1431,0.0541,-1.2326,0.2308,-0.4412,0.1133,-0.1221
2008-04-18,0.0655,1.0469,0.0702,-0.8417,0.2263,-0.3206,0.1119,-0.07
2008-04-25,0.0654,0.8985,0.0728,-1.0125,0.2176,-0.3639,0.1089,-0.1543
2008-05-02,0.0669,0.8055,0.0844,-0.7847,0.2137,-0.307,0.1054,-0.0986
2008-05-09,0.067,1.1381,0.0932,-0.9231,0.2076,-0.3725,0.1013,-0.1467
2008-05-16,0.0687,1.2995,0.0981,-0.6175,0.2073,-0.2862,0.1018,-0.0398
2008-05-23,0.0687,1.3848,0.1057,-0.9966,0.2104,-0.4568,0.1053,-0.2152
2008-05-30,0.0699,1.0316,0.1051,-0.8533,0.2046,-0.4309,0.1033,-0.2289
2008-06-06,0.0706,1.3459,0.1185,-0.8961,0.2139,-0.4265,0.1077,-0.1267
2008-06-13,0.0703,1.1517,0.1199,-0.9411,0.2004,-0.5626,0.1043,-0.3649
2008-06-20,0.0662,1.2006,0.1194,-0.9605,0.1703,-0.6976,0.0897,-0.5065
2008-06-27,0.0656,1.4131,0.1199,-0.957,0.1764,-0.7971,0.0922,-0.5806
2008-07-04,0.0622,1.3329,0.12,-0.9927,0.1645,-0.8979,0.0865,-0.6844
2008-07-11,0.0637,1.2568,0.1131,-1.0512,0.1709,-1.0638,0.0925,-0.8711
2008-07-18,0.0661,0.9725,0.1035,-1.0456,0.1722,-0.9814,0.0913,-0.8445
2008-07-25,0.0683,1.0973,0.1018,-0.858,0.1772,-0.7707,0.0932,-0.6572
2008-08-01,0.0672,1.0742,0.0923,-0.8837,0.1848,-0.7222,0.097,-0.555
2008-08-08,0.0678,0.9913,0.0887,-0.7327,0.1964,-0.5246,0.1033,-0.3054
2008-08-15,0.0656,1.0784,0.0883,-0.6464,0.1964,-0.3717,0.1024,-0.1303
2008-08-22,0.0669,1.0348,0.089,-0.8021,0.1971,-0.5448,0.1024,-0.3544
2008-08-29,0.0639,0.9535,0.0929,-0.9197,0.2026,-0.5646,0.1062,-0.3871
2008-09-05,0.0611,0.7161,0.0852,-1.1153,0.1971,-0.8018,0.1042,-0.6359
2008-09-12,0.0595,0.5369,0.089,-1.0801,0.2088,-0.7449,0.1103,-0.5991
2008-09-19,0.0594,0.3533,0.0901,-1.3884,0.266,-0.8195,0.1317,-0.6969
2008-09-26,0.0575,0.1362,0.0899,-1.5381,0.2698,-0.9836,0.1354,-0.9465
2008-10-03,0.0568,0.0301,0.0901,-1.6012,0.3293,-1.2696,0.1649,-1.2555
2008-10-10,0.0548,-0.231,0.0901,-1.747,0.3782,-2.0311,0.2003,-2.116
2008-10-17,0.0518,-0.4222,0.0903,-1.6554,0.5233,-1.3992,0.277,-1.4733
2008-10-24,0.049,-0.4463,0.0903,-1.5754,0.557,-1.5007,0.2958,-1.5632
2008-10-31,0.0465,-0.6257,0.0904,-1.5727,0.6125,-1.0707,0.3206,-1.1794
2008-11-07,0.0438,-0.6692,0.0834,-1.5382,0.6293,-1.0553,0.3337,-1.1446
2008-11-14,0.0435,-0.4232,0.0754,-1.4367,0.656,-1.1954,0.3466,-1.2926
2008-11-21,0.0477,-0.376,0.063,-1.4449,0.6907,-1.3206,0.3603,-1.3858
2008-11-28,0.05,-0.2154,0.0581,-1.5008,0.7121,-1.0275,0.3723,-1.0556
2008-12-05,0.0542,-0.1396,0.0368,-1.5483,0.74,-1.103,0.3881,-1.1108
2008-12-12,0.0529,0.0548,0.0252,-1.544,0.7384,-1.0335,0.3887,-0.9856
2008-12-19,0.0536,0.3751,0.0257,-1.3773,0.7314,-0.9871,0.39,-0.8972
2008-12-26,0.0531,0.2185,0.0249,-1.379,0.73,-1.0458,0.3894,-0.947
2009-01-02,0.0553,-0.2218,0.0335,-0.9998,0.7112,-0.8348,0.3802,-0.787
2009-01-09,0.0533,-0.2208,0.0735,-1.3103,0.6859,-0.8786,0.3626,-0.8355
2009-01-16,0.0521,-0.1367,0.0886,-1.4828,0.5845,-0.8514,0.3084,-0.8409
2009-01-23,0.053,-0.2586,0.0895,-1.4485,0.5755,-0.9136,0.3057,-0.9286
2009-01-30,0.0542,-0.4616,0.0899,-1.4647,0.5199,-0.9533,0.2821,-1.0078
2009-02-06,0.0552,-0.4195,0.0906,-1.2819,0.5086,-0.7747,0.2744,-0.8023
2009-02-13,0.0586,-0.4048,0.0957,-1.4493,0.4886,-0.909,0.2619,-0.9387
2009-02-20,0.0621,-0.4317,0.0982,-1.5617,0.4674,-1.0499,0.2507,-1.0938
2009-02-27,0.0576,-0.869,0.0982,-1.6519,0.4022,-1.177,0.2283,-1.271
2009-03-06,0.0586,-0.8613,0.0978,-1.5326,0.361,-1.2231,0.2017,-1.3183
2009-03-13,0.0604,-1.1001,0.0978,-1.5391,0.376,-0.9917,0.2127,-1.063
2009-03-20,0.0662,-0.6089,0.097,-1.5113,0.3697,-0.9754,0.2112,-1.0266
2009-03-27,0.0663,-0.7692,0.1116,-1.3505,0.4014,-0.8116,0.2314,-0.8396
2009-04-03,0.0662,-0.9196,0.1474,-0.9152,0.4056,-0.8226,0.2348,-0.8609
2009-04-10,0.067,-1.0237,0.1684,-0.6197,0.4126,-0.7596,0.2386,-0.783
2009-04-17,0.0683,-1.0944,0.1657,-0.4982,0.4056,-0.7452,0.2357,-0.7466
2009-04-24,0.0688,-0.814,0.193,-0.5519,0.393,-0.7716,0.2287,-0.7711
2009-05-01,0.068,-0.8957,0.1984,-0.5488,0.3813,-0.7847,0.2197,-0.8096
2009-05-08,0.0677,-1.0849,0.2176,-0.0481,0.3862,-0.6243,0.2245,-0.6395
2009-05-15,0.0648,-1.0742,0.229,-0.5918,0.3802,-0.7778,0.2211,-0.7893
2009-05-22,0.0601,-1.1543,0.2381,-0.4076,0.3652,-0.7214,0.2153,-0.7515
2009-05-29,0.0594,-0.8288,0.2502,-0.165,0.3589,-0.642,0.2137,-0.6437
2009-06-05,0.0572,-1.0745,0.2583,-0.0161,0.3335,-0.6043,0.2024,-0.6539
2009-06-12,0.0543,-0.9114,0.2584,0.2094,0.3057,-0.4931,0.1883,-0.5012
2009-06-19,0.0471,-1.1239,0.2654,-0.013,0.2991,-0.5489,0.1773,-0.5643
2009-06-26,0.0555,-1.1739,0.2692,-0.0132,0.266,-0.4596,0.1574,-0.4614
2009-07-03,0.0605,-1.4253,0.2567,-0.1098,0.2548,-0.4717,0.1511,-0.481
2009-07-10,0.0609,-1.6788,0.2388,-0.1381,0.2391,-0.5012,0.1421,-0.5043
2009-07-17,0.0651,-1.0899,0.2319,-0.0752,0.2459,-0.3527,0.1437,-0.3611
2009-07-24,0.0663,-0.6146,0.2142,0.1667,0.2286,-0.2655,0.1346,-0.2628
2009-07-31,0.0689,-0.4699,0.2102,0.2147,0.225,-0.272,0.1333,-0.26
2009-08-07,0.0715,-0.0,0.1913,0.3119,0.21,-0.2239,0.121,-0.2536
2009-08-14,0.077,0.0067,0.1744,0.2614,0.2011,-0.2771,0.1168,-0.2827
2009-08-21,0.0918,0.0574,0.16,0.4602,0.202,-0.1973,0.1143,-0.2038
2009-08-28,0.0914,0.2007,0.1274,0.399,0.1828,-0.2308,0.1002,-0.2313
2009-09-04,0.099,0.1066,0.1231,0.5637,0.1893,-0.1599,0.103,-0.1677
2009-09-11,0.1022,0.4879,0.1225,0.5931,0.1907,-0.1222,0.1035,-0.1101
2009-09-18,0.1051,0.8315,0.1082,0.7352,0.1829,0.0276,0.0996,0.0331
2009-09-25,0.1112,0.5653,0.0836,0.7239,0.1702,-0.0542,0.0896,-0.0049
2009-10-02,0.115,0.4914,0.0714,0.6899,0.1708,0.0724,0.089,0.1328
2009-10-09,0.1172,1.0265,0.0669,0.7712,0.1628,0.6621,0.0849,0.7614
2009-10-16,0.1177,1.2601,0.0656,0.8156,0.156,0.642,0.0828,0.8021
2009-10-23,0.1216,1.2675,0.0498,0.7958,0.1564,0.6895,0.085,0.7829
2009-10-30,0.1354,0.9718,0.04,0.7471,0.1751,0.4499,0.0955,0.6032
2009-11-06,0.1359,1.0918,0.0395,0.766,0.1769,0.7248,0.0968,0.8726
2009-11-13,0.1337,1.3132,0.0428,0.808,0.1715,0.799,0.0957,0.9715
2009-11-20,0.1352,1.0813,0.0507,0.7725,0.1703,1.4324,0.0971,1.4711
2009-11-27,0.14,1.0705,0.0628,0.7564,0.1755,0.9355,0.0998,1.015
2009-12-04,0.1364,1.0246,0.0637,0.8061,0.1678,1.1734,0.0967,1.1442
2009-12-11,0.1363,0.8476,0.0648,0.8444,0.1678,1.0804,0.0955,1.037
2009-12-18,0.1357,0.6653,0.0663,0.8398,0.1681,1.026,0.0949,0.8992
2009-12-25,0.1294,0.8215,0.0667,0.9398,0.1658,1.1918,0.0932,1.0498
2010-01-01,0.1236,0.7678,0.0665,0.8375,0.1547,0.9987,0.0881,0.8391
2010-01-08,0.121,1.0753,0.0688,1.0391,0.1524,1.085,0.0878,0.9777
2010-01-15,0.1232,0.952,0.0733,1.3921,0.1524,1.3636,0.0876,1.2541
2010-01-22,0.1292,0.727,0.087,1.167,0.1642,1.3116,0.0934,1.2876
2010-01-29,0.1227,0.6153,0.0865,1.1475,0.1588,1.1678,0.0885,1.1905
2010-02-05,0.1258,0.5476,0.0858,1.1513,0.1589,1.1398,0.0894,1.1843
2010-02-12,0.1218,0.5125,0.0848,1.2179,0.1516,1.2543,0.0834,1.2434
2010-02-19,0.12,0.7034,0.0807,1.3329,0.1512,1.6794,0.082,1.68
2010-02-26,0.118,0.7704,0.0758,1.363,0.1496,1.8398,0.0803,1.9134
2010-03-05,0.112,0.9145,0.0746,1.5348,0.1479,2.4931,0.0798,2.5151
2010-03-12,0.1093,0.9781,0.0742,1.5852,0.1448,2.2228,0.0779,2.2377
2010-03-19,0.1111,0.9174,0.0746,1.6478,0.1449,2.0793,0.0788,2.0556
2010-03-26,0.109,0.9541,0.0734,1.509,0.1423,1.9556,0.0804,1.9169
2010-04-02,0.1093,1.0221,0.0735,1.761,0.1432,2.1923,0.0809,2.1534
2010-04-09,0.107,1.2752,0.0698,1.7142,0.1397,2.2231,0.0764,2.2349
2010-04-16,0.1076,1.2123,0.067,1.4252,0.1428,2.0058,0.078,2.0272
2010-04-23,0.0965,1.3411,0.0432,1.6872,0.1232,2.2728,0.0674,2.3277
2010-04-30,0.1008,1.348,0.0433,1.5083,0.1355,1.9759,0.0723,2.1109
2010-05-07,0.0971,0.9975,0.0461,1.1782,0.1478,1.3549,0.0768,1.5884
2010-05-14,0.1099,1.044,0.0469,1.451,0.1764,1.5589,0.0903,1.7584
2010-05-21,0.1122,0.8523,0.0468,1.5822,0.194,1.3179,0.0976,1.6649
2010-05-28,0.1133,0.8667,0.0432,1.3006,0.2056,1.1286,0.1022,1.4976
2010-06-04,0.1124,0.8138,0.0331,1.0528,0.2239,0.8611,0.1109,1.2937
2010-06-11,0.1132,0.9258,0.0314,1.0142,0.2342,0.9724,0.1158,1.4511
2010-06-18,0.1099,1.1155,0.0267,1.476,0.2378,1.2569,0.1174,1.784
2010-06-25,0.1099,1.0554,0.0263,1.6075,0.2414,1.0569,0.119,1.5256
2010-07-02,0.1088,1.0383,0.0245,1.96,0.2472,0.8967,0.1234,1.378
2010-07-09,0.1088,1.2003,0.0234,2.1422,0.2575,1.2831,0.1294,1.7469
2010-07-16,0.1058,1.0407,0.0239,1.9131,0.2619,0.9297,0.1322,1.4379
2010-07-23,0.1048,0.956,0.0254,1.5797,0.268,0.8548,0.1352,1.3684
2010-07-30,0.0994,0.9774,0.0296,1.3416,0.2615,0.7945,0.1324,1.3182
2010-08-06,0.0861,0.8823,0.0515,1.2868,0.2501,0.8272,0.1267,1.4275
2010-08-13,0.0649,0.8067,0.0757,0.5488,0.2352,0.5348,0.1201,1.095
2010-08-20,0.0557,0.9405,0.081,0.4395,0.2231,0.53,0.1147,1.0546
2010-08-27,0.0514,0.8144,0.0813,0.3771,0.2142,0.3708,0.1099,0.8769
2010-09-03,0.0501,1.0701,0.0814,0.523,0.204,0.7095,0.1041,1.2095
2010-09-10,0.0505,0.759,0.0819,0.399,0.1963,0.5237,0.1003,0.9784
2010-09-17,0.0504,0.6135,0.0841,0.4621,0.1924,0.4816,0.0987,0.9533
2010-09-24,0.0504,0.9475,0.1014,0.797,0.1933,0.668,0.0993,1.1999
2010-10-01,0.0475,1.082,0.1027,0.8639,0.1803,0.7709,0.0914,1.3032
2010-10-08,0.0528,0.9924,0.1103,0.9156,0.1738,0.6741,0.088,1.2417
2010-10-15,0.054,0.8309,0.1109,0.9068,0.162,0.5751,0.0821,1.1332
2010-10-22,0.0679,0.7677,0.1143,0.9361,0.1545,0.6226,0.079,1.1856
2010-10-29,0.0695,0.9795,0.1068,1.0235,0.1472,0.7731,0.0758,1.3811
2010-11-05,0.0807,1.2006,0.1101,1.3531,0.1509,0.9674,0.0814,1.6437
2010-11-12,0.0934,0.7959,0.0953,1.1722,0.1416,0.74,0.0805,1.2882
2010-11-19,0.1005,0.6014,0.0924,1.1855,0.1408,0.7046,0.0812,1.1859
2010-11-26,0.1018,0.4613,0.0937,0.9992,0.142,0.5531,0.0831,0.9855
2010-12-03,0.1034,0.6264,0.094,1.227,0.1318,0.7891,0.079,1.2389
2010-12-10,0.1045,0.7599,0.0925,1.3188,0.1276,0.8487,0.0783,1.2288
2010-12-17,0.1055,0.7733,0.0874,1.3459,0.1253,0.8949,0.0777,1.2878
2010-12-24,0.1054,0.7772,0.0742,1.2444,0.1173,0.8364,0.0746,1.2863
2010-12-31,0.1063,0.9062,0.0726,1.3185,0.1161,0.8727,0.0749,1.3882
2011-01-07,0.1049,0.6137,0.0614,1.1059,0.1101,0.7777,0.0712,1.269
2011-01-14,0.1043,0.8379,0.0599,1.2996,0.1108,0.9204,0.0705,1.3839
2011-01-21,0.0968,1.1315,0.0519,1.7718,0.1079,1.1186,0.0693,1.5688
2011-01-28,0.0956,1.3004,0.0525,1.7084,0.1144,1.1876,0.0713,1.6739
2011-02-04,0.0876,1.5871,0.0397,1.7623,0.1125,1.3986,0.0659,1.8048
2011-02-11,0.0805,1.6129,0.0382,1.8201,0.1115,1.416,0.0643,1.8613
2011-02-18,0.0623,1.5078,0.0308,1.8494,0.0996,1.3148,0.0555,1.7989
2011-02-25,0.0658,1.4938,0.0296,1.744,0.1033,1.2326,0.0581,1.6964
2011-03-04,0.0653,1.3367,0.0314,1.4001,0.1021,1.0491,0.0592,1.4761
2011-03-11,0.067,1.1575,0.0339,1.2934,0.1124,0.9106,0.0615,1.3523
2011-03-18,0.077,1.0268,0.0351,1.0655,0.1236,0.7435,0.0639,1.2057
2011-03-25,0.0774,1.1883,0.0344,1.0962,0.1281,0.8709,0.0645,1.3392
2011-04-01,0.0772,1.1198,0.036,1.1141,0.1296,0.8435,0.0647,1.3427
2011-04-08,0.0742,1.1387,0.0371,1.0305,0.1282,0.7853,0.0647,1.1805
2011-04-15,0.076,1.2351,0.0385,1.0268,0.1275,0.7498,0.065,1.1854
2011-04-22,0.0777,1.1668,0.0459,1.0,0.1312,0.7281,0.0663,1.1664
2011-04-29,0.0776,1.4526,0.0483,1.2874,0.127,0.9931,0.0647,1.4654
2011-05-06,0.0866,1.5228,0.0513,1.2008,0.1254,1.3142,0.0639,1.8085
2011-05-13,0.0924,1.3954,0.0572,1.2441,0.1284,1.2134,0.0644,1.7195
2011-05-20,0.0927,1.7183,0.06,1.1473,0.1304,1.5056,0.0649,1.9773
2011-05-27,0.0912,1.784,0.0599,1.067,0.1238,1.524,0.0618,2.054
2011-06-03,0.0941,1.8353,0.0593,0.9796,0.125,1.5768,0.0628,2.1122
2011-06-10,0.0944,1.513,0.0577,0.9796,0.1225,1.263,0.0622,1.7863
2011-06-17,0.0869,1.3677,0.0563,0.9751,0.1191,1.104,0.0597,1.6249
2011-06-24,0.0887,1.3007,0.0563,1.0645,0.1194,1.3442,0.061,1.8867
2011-07-01,0.0894,1.6889,0.0566,1.1602,0.1281,2.1383,0.0628,2.5997
2011-07-08,0.0908,1.8084,0.0609,1.214,0.1303,1.8109,0.0632,2.3542
2011-07-15,0.0916,1.7936,0.0717,0.9481,0.1358,1.7743,0.067,2.2992
2011-07-22,0.0906,1.8652,0.0781,1.0658,0.1379,1.6944,0.0691,2.1927
2011-07-29,0.093,1.6725,0.0826,0.7011,0.143,1.3908,0.0728,1.8721
2011-08-05,0.0955,1.1519,0.0835,0.336,0.1762,0.6667,0.0882,1.0901
2011-08-12,0.1084,1.2939,0.0794,0.8385,0.2685,0.6997,0.1331,1.1555
2011-08-19,0.1098,1.3741,0.0775,0.9423,0.2852,0.4583,0.1423,0.9363
2011-08-26,0.1118,1.3386,0.0766,0.9221,0.2974,0.7391,0.1473,1.2067
2011-09-02,0.1111,1.4,0.0762,0.8906,0.3034,0.5312,0.1492,1.0291
2011-09-09,0.1103,1.4352,0.0763,0.832,0.3124,0.4078,0.154,0.9222
2011-09-16,0.1091,1.2838,0.0766,0.7468,0.3139,0.6081,0.1554,1.0817
2011-09-23,0.1099,1.0403,0.0831,0.0973,0.3237,0.1419,0.1601,0.556
2011-09-30,0.1096,0.9305,0.0822,0.0736,0.3296,0.1338,0.1641,0.4857
2011-10-07,0.1089,0.7249,0.0717,-0.2026,0.3397,0.1632,0.1691,0.4236
2011-10-14,0.1067,0.7279,0.0696,-0.15,0.3485,0.398,0.1726,0.7097
2011-10-21,0.1044,0.6882,0.0839,0.0168,0.3529,0.4251,0.175,0.7417
2011-10-28,0.1034,0.757,0.1153,0.4834,0.3608,0.5885,0.1782,0.9305
2011-11-04,0.0862,0.6017,0.1436,-0.1064,0.329,0.3035,0.1632,0.6155
2011-11-11,0.0723,0.9559,0.169,0.1367,0.3005,0.4405,0.1496,0.8132
2011-11-18,0.0698,1.0183,0.1762,-0.2373,0.2891,0.2631,0.1436,0.6525
2011-11-25,0.0645,0.9552,0.1823,-0.5729,0.2841,0.1056,0.1423,0.4721
2011-12-02,0.0594,0.8407,0.1824,-0.6873,0.29,0.2727,0.1481,0.6851
2011-12-09,0.0569,0.8955,0.1909,-0.713,0.2841,0.2584,0.1452,0.7491
2011-12-16,0.0569,0.8925,0.1948,-0.9663,0.283,0.1098,0.1449,0.6184
2011-12-23,0.0494,0.693,0.1962,-0.7902,0.2722,0.2317,0.1392,0.7146
2011-12-30,0.0473,0.6125,0.1984,-0.8257,0.2647,0.1983,0.1351,0.7027
2012-01-06,0.0441,0.7074,0.2,-0.7433,0.2518,0.2197,0.1292,0.7306
2012-01-13,0.0443,0.6521,0.2009,-0.6899,0.2431,0.2237,0.1248,0.7222
2012-01-20,0.0442,0.7134,0.1963,-0.5265,0.2342,0.3379,0.1194,0.8577
2012-01-27,0.0415,0.7541,0.186,-0.5072,0.2268,0.2694,0.1159,0.7945
2012-02-03,0.0377,0.6494,0.1573,-0.3142,0.2021,0.3311,0.1042,0.9027
2012-02-10,0.0364,0.56,0.1315,-0.3593,0.1823,0.2734,0.0938,0.8702
2012-02-17,0.0362,0.5149,0.1183,-0.3193,0.1752,0.2781,0.0906,0.8335
2012-02-24,0.0345,0.6904,0.1073,-0.2535,0.166,0.4032,0.0851,0.963
2012-03-02,0.0405,0.4007,0.1032,-0.3171,0.1274,0.3321,0.0617,0.9128
2012-03-09,0.0466,0.5543,0.1049,-0.2912,0.132,0.4575,0.0636,0.9911
2012-03-16,0.0514,0.6922,0.0788,-0.1203,0.1144,0.639,0.056,1.1103
2012-03-23,0.0535,0.4263,0.0724,-0.19,0.0987,0.493,0.0496,0.9929
2012-03-30,0.0559,0.3431,0.066,-0.2049,0.0954,0.4735,0.0484,0.9924
2012-04-06,0.0609,0.1363,0.062,-0.2731,0.0944,0.4056,0.05,0.9425
2012-04-13,0.0647,0.2275,0.0617,-0.223,0.1097,0.3951,0.0555,0.9544
2012-04-20,0.0661,0.1065,0.0567,-0.2794,0.1114,0.3647,0.0572,0.9106
2012-04-27,0.0669,-0.0033,0.0539,-0.4006,0.1147,0.3433,0.0587,0.8591
2012-05-04,0.0678,0.2583,0.0506,-0.416,0.1175,0.3192,0.0613,0.8048
2012-05-11,0.0681,0.1486,0.0502,-0.5367,0.1175,0.2259,0.0615,0.7164
2012-05-18,0.069,-0.0702,0.0481,-0.4928,0.1214,0.0459,0.0636,0.5195
2012-05-25,0.07,-0.0596,0.0477,-0.4005,0.1261,0.1783,0.0656,0.6307
2012-06-01,0.0665,-0.0518,0.047,-0.3637,0.1397,0.0877,0.0705,0.5885
2012-06-08,0.0627,0.0163,0.0415,-0.3298,0.1438,0.3301,0.0725,0.8234
2012-06-15,0.0594,0.2861,0.0353,-0.3101,0.1463,0.4583,0.0743,0.9672
2012-06-22,0.0573,0.2289,0.0417,-0.3565,0.1541,0.3802,0.0789,0.8405
2012-06-29,0.0559,0.2785,0.0449,-0.3572,0.1637,0.3433,0.0838,0.8709
2012-07-06,0.0506,0.0657,0.0495,-0.5541,0.1637,0.2141,0.083,0.7394
2012-07-13,0.0459,0.2029,0.0567,-0.3031,0.1587,0.3657,0.0822,0.8797
2012-07-20,0.0436,0.0077,0.0616,-0.507,0.1577,0.273,0.0814,0.7955
2012-07-27,0.0406,0.1422,0.0747,-0.2429,0.1636,0.4803,0.0833,1.0033
2012-08-03,0.0385,0.5574,0.0763,-0.0734,0.1648,0.8603,0.0836,1.313
2012-08-10,0.0385,0.5459,0.0765,-0.0027,0.1641,1.1139,0.0833,1.601
2012-08-17,0.0357,0.2227,0.0773,0.0691,0.1574,1.3122,0.08,1.7036
2012-08-24,0.0336,0.4253,0.079,0.0326,0.1557,1.2317,0.0795,1.6986
2012-08-31,0.0326,0.2477,0.0802,0.0069,0.142,1.0277,0.0747,1.4896
2012-09-07,0.0342,0.2038,0.0857,0.1785,0.1399,1.2454,0.0737,1.6703
2012-09-14,0.0364,0.5467,0.0888,0.2837,0.1359,1.2619,0.0726,1.6751
2012-09-21,0.0367,0.3306,0.0852,0.4788,0.1258,1.6603,0.0664,2.0634
2012-09-28,0.0391,0.6772,0.0835,0.4172,0.1148,1.4479,0.0603,1.9509
2012-10-05,0.0401,0.6638,0.0804,0.5012,0.1123,1.5705,0.0594,2.0612
2012-10-12,0.0417,0.6309,0.0752,0.4044,0.1092,1.2538,0.0578,1.7663
2012-10-19,0.0441,0.6459,0.0692,0.3856,0.1123,1.2314,0.0593,1.7076
2012-10-26,0.0468,0.3944,0.0601,-0.1785,0.1045,0.8224,0.0562,1.2933
2012-11-02,0.049,0.0909,0.0575,0.3346,0.1059,1.1991,0.0571,1.6204
2012-11-09,0.0504,0.1201,0.0518,-0.1943,0.112,0.7289,0.0592,1.1709
2012-11-16,0.0512,-0.0327,0.0506,-0.0787,0.1146,0.7578,0.0609,1.2098
2012-11-23,0.0547,0.4171,0.0502,0.59,0.1249,1.3763,0.0665,1.8601
2012-11-30,0.055,0.3986,0.0478,0.8881,0.1251,1.4291,0.0668,1.9866
2012-12-07,0.0526,0.3663,0.035,0.9281,0.1178,1.1288,0.0631,1.6906
2012-12-14,0.0492,0.4209,0.0295,1.2776,0.1141,1.3364,0.06,1.8429
2012-12-21,0.0485,0.4484,0.0475,1.3451,0.1211,1.3535,0.0632,1.8229
2012-12-28,0.0485,0.459,0.0519,0.8221,0.1211,1.0348,0.0635,1.5172
2013-01-04,0.0506,0.5311,0.0603,1.1096,0.1346,1.3054,0.0705,1.7059
2013-01-11,0.0492,0.6349,0.0612,0.9906,0.1331,1.249,0.0692,1.673
2013-01-18,0.0481,0.6452,0.0619,0.936,0.1304,1.2195,0.0679,1.612
2013-01-25,0.0461,0.745,0.0612,0.9964,0.126,1.2785,0.0656,1.7013
2013-02-01,0.0437,0.5614,0.0606,1.0778,0.1242,1.3369,0.0647,1.6187
2013-02-08,0.0411,0.5526,0.0612,0.7326,0.1149,1.1608,0.0604,1.5302
2013-02-15,0.0403,0.5114,0.0612,0.7289,0.107,1.1609,0.0566,1.4873
2013-02-22,0.0432,0.3983,0.062,0.6921,0.1069,1.0666,0.0563,1.4417
2013-03-01,0.0463,0.1173,0.0625,0.6622,0.1131,1.0023,0.0584,1.3631
2013-03-08,0.0469,0.7156,0.0624,0.949,0.1134,1.3344,0.0584,1.667
2013-03-15,0.0472,0.5549,0.0621,0.6086,0.1136,1.1021,0.0583,1.5111
2013-03-22,0.0482,0.6688,0.0515,0.6292,0.1113,1.031,0.0571,1.5676
2013-03-29,0.0489,0.5583,0.0455,0.6306,0.1093,1.0246,0.0562,1.5367
2013-04-05,0.0454,0.5628,0.0298,0.5425,0.0936,0.9314,0.0475,1.471
2013-04-12,0.0455,1.2738,0.0264,0.8478,0.0955,1.4625,0.0479,1.9836
2013-04-19,0.0519,0.8299,0.0268,0.6973,0.1165,1.0972,0.0609,1.5623
2013-04-26,0.0521,1.0612,0.0248,0.719,0.1178,1.337,0.0615,1.8389
2013-05-03,0.0518,0.9441,0.0287,0.7894,0.1203,1.2967,0.0623,1.7537
2013-05-10,0.0509,1.1904,0.0275,1.3091,0.1167,1.6428,0.0611,2.0667
2013-05-17,0.0507,1.4791,0.0302,1.472,0.1199,1.9959,0.062,2.4064
2013-05-24,0.0456,1.3612,0.0292,1.393,0.1079,2.0143,0.0582,2.3881
2013-05-31,0.0482,0.9571,0.031,1.3486,0.1111,1.8276,0.0607,2.0904
2013-06-07,0.05,1.076,0.0338,1.3682,0.118,2.2041,0.064,2.3901
2013-06-14,0.0537,0.9325,0.037,1.2582,0.1251,1.9108,0.0708,2.09
2013-06-21,0.0634,0.3765,0.0424,1.0753,0.1366,1.5019,0.0831,1.3813
2013-06-28,0.0653,0.6069,0.0429,1.342,0.1408,1.8246,0.0869,1.7558
2013-07-05,0.0645,0.419,0.0432,1.2585,0.1402,1.7062,0.0862,1.4882
2013-07-12,0.0663,0.6594,0.048,1.8608,0.1407,2.081,0.0898,1.9049
2013-07-19,0.0618,0.6292,0.0489,1.8473,0.124,2.0428,0.0827,1.9079
2013-07-26,0.0616,0.6435,0.0507,2.3547,0.1229,2.2172,0.0826,2.0062
2013-08-02,0.0612,0.5345,0.0541,2.291,0.1204,2.1033,0.0819,1.8887
2013-08-09,0.0609,0.5951,0.0569,1.9624,0.1209,1.8847,0.0821,1.7339
2013-08-16,0.0609,0.4927,0.0644,1.4099,0.1212,1.6572,0.0839,1.3987
2013-08-23,0.0594,0.4512,0.0656,1.301,0.1234,1.6317,0.0859,1.3898
2013-08-30,0.058,0.1922,0.066,1.1837,0.1229,1.4888,0.0844,1.1979
2013-09-06,0.0563,0.2647,0.0646,1.2671,0.1165,1.6348,0.0824,1.2575
2013-09-13,0.053,0.2865,0.0632,1.1034,0.1111,1.6462,0.0784,1.3227
2013-09-20,0.0402,0.3481,0.0643,0.9861,0.0962,1.6017,0.0688,1.3856
2013-09-27,0.0363,0.4381,0.0654,0.903,0.0899,1.616,0.0633,1.393
2013-10-04,0.0367,0.3563,0.0686,0.8575,0.0917,1.586,0.0639,1.344
2013-10-11,0.0346,0.5314,0.0708,0.8299,0.1018,1.647,0.0658,1.4394
2013-10-18,0.0355,0.5809,0.0771,1.1401,0.1073,1.7618,0.0703,1.5925
2013-10-25,0.0349,1.0061,0.0776,1.4444,0.1079,2.1135,0.0704,1.9927
2013-11-01,0.0345,0.8564,0.0753,1.4355,0.1069,2.0461,0.0707,1.8561
2013-11-08,0.0364,0.8879,0.0808,1.4839,0.1125,2.4342,0.0726,2.1105
2013-11-15,0.0346,1.1784,0.0746,1.6954,0.1076,2.734,0.0683,2.4248
2013-11-22,0.0341,0.8783,0.0766,1.7257,0.1067,2.4495,0.0673,2.164
2013-11-29,0.0321,0.8453,0.0749,1.7621,0.1004,2.4217,0.0649,2.1004
2013-12-06,0.032,0.7972,0.0765,1.738,0.1016,2.4116,0.0662,2.0186
2013-12-13,0.0319,0.7863,0.0786,1.5768,0.1038,2.2214,0.0682,1.8878
2013-12-20,0.0312,0.8428,0.0777,1.6392,0.1059,2.2878,0.0661,1.9633
2013-12-27,0.0314,0.9232,0.0769,2.1299,0.1051,2.566,0.066,2.1503
2014-01-03,0.0317,0.875,0.0759,1.9608,0.1037,2.3429,0.0651,1.9886
2014-01-10,0.029,0.8013,0.0705,1.8959,0.0896,2.323,0.0589,2.0153
2014-01-17,0.0289,0.6822,0.069,1.745,0.091,2.2154,0.0561,1.9339
2014-01-24,0.0318,0.4174,0.0719,1.3745,0.1012,1.8502,0.0591,1.6267
2014-01-31,0.0333,0.3099,0.0717,1.2564,0.1055,1.7816,0.0605,1.6508
2014-02-07,0.0368,0.4008,0.0708,1.1724,0.1203,1.7456,0.0674,1.601
2014-02-14,0.0358,0.5169,0.0617,1.2778,0.1161,1.8685,0.066,1.7159
2014-02-21,0.0361,0.8215,0.0618,1.3102,0.1165,1.9822,0.066,1.8166
2014-02-28,0.036,0.9954,0.061,1.4509,0.1158,2.0708,0.0648,1.8735
2014-03-07,0.0373,0.7774,0.068,1.4737,0.1192,1.9709,0.0651,1.7715
2014-03-14,0.0372,0.7048,0.0694,1.1424,0.1173,1.6808,0.0619,1.5712
2014-03-21,0.0424,0.6475,0.0715,1.3007,0.1149,1.882,0.0623,1.6581
2014-03-28,0.0435,0.5947,0.073,1.1559,0.1157,1.7217,0.0619,1.4889
2014-04-04,0.043,0.6207,0.0749,1.1987,0.1182,1.8456,0.063,1.547
2014-04-11,0.045,0.3714,0.0802,0.8848,0.1302,1.3797,0.0685,1.1615
2014-04-18,0.0459,0.7489,0.0768,1.1186,0.1284,1.9161,0.0682,1.6109
2014-04-25,0.0436,0.5467,0.0726,1.0528,0.1208,1.6689,0.0647,1.3975
2014-05-02,0.0423,0.5375,0.0712,1.0646,0.116,1.6969,0.0624,1.4215
2014-05-09,0.0391,0.4943,0.0723,0.9111,0.102,1.5204,0.0548,1.3138
2014-05-16,0.0391,0.5868,0.0743,0.796,0.1031,1.3861,0.0545,1.2475
2014-05-23,0.0391,0.7975,0.0738,0.8718,0.1036,1.4916,0.0542,1.4207
2014-05-30,0.039,1.0688,0.0744,0.9933,0.1042,1.58,0.0544,1.5647
2014-06-06,0.0393,1.3669,0.0697,1.2958,0.1005,1.9133,0.0542,1.8224
2014-06-13,0.0393,1.3247,0.0662,1.1706,0.0983,1.8067,0.0533,1.7569
2014-06-20,0.0335,2.2106,0.0623,1.4837,0.0953,2.3051,0.0508,2.4105
2014-06-27,0.0321,2.0295,0.0594,1.5311,0.0939,2.1759,0.0503,2.382
2014-07-04,0.0327,1.9321,0.059,1.6217,0.0929,2.2872,0.0496,2.4603
2014-07-11,0.0298,1.5382,0.048,1.2939,0.0736,1.8524,0.0395,2.1388
2014-07-18,0.0285,1.4917,0.0481,1.1568,0.0737,1.8088,0.0385,2.1014
2014-07-25,0.0285,1.5552,0.0479,1.1152,0.0719,1.8,0.0377,2.115
2014-08-01,0.0352,1.1996,0.0501,0.8343,0.0832,1.4163,0.0456,1.7599
2014-08-08,0.0367,1.2936,0.0481,0.9245,0.0876,1.4889,0.0481,1.8048
2014-08-15,0.0379,1.7114,0.0443,1.3011,0.0842,1.8235,0.0479,2.3131
2014-08-22,0.037,1.8019,0.0417,1.432,0.0833,2.0205,0.0474,2.5796
2014-08-29,0.037,2.1015,0.0404,1.6251,0.0827,2.2385,0.047,2.7671
2014-09-05,0.0381,1.8653,0.0372,1.6299,0.0819,2.1574,0.0468,2.7505
2014-09-12,0.0416,1.1668,0.0385,1.4487,0.0825,1.8847,0.0488,2.3285
2014-09-19,0.0403,1.0255,0.0376,1.3393,0.0831,1.7952,0.0481,2.1872
2014-09-26,0.0408,0.9962,0.0451,1.2916,0.0929,1.7519,0.0521,2.1108
2014-10-03,0.0416,1.0801,0.0453,1.4133,0.098,1.8,0.0543,2.1953
2014-10-10,0.0448,1.0421,0.0468,1.431,0.116,1.3799,0.0661,1.8662
2014-10-17,0.0443,0.9227,0.0453,1.0736,0.1193,1.0429,0.0672,1.5223
2014-10-24,0.0448,0.9914,0.0452,0.9938,0.1309,1.3002,0.0731,1.7154
2014-10-31,0.0401,1.1702,0.0474,1.1825,0.1278,1.496,0.0703,1.903
2014-11-07,0.0391,1.3702,0.0484,1.4357,0.1244,1.6288,0.0688,2.09
2014-11-14,0.0372,1.2153,0.0487,1.207,0.1227,1.4572,0.0674,1.9263
2014-11-21,0.0383,1.3158,0.0493,1.2759,0.1227,1.5397,0.0678,2.0656
2014-11-28,0.0387,1.4631,0.0503,1.1512,0.1229,1.4989,0.0679,2.0595
2014-12-05,0.0359,1.5527,0.0502,1.3392,0.1241,1.6458,0.0683,2.2344
2014-12-12,0.0309,1.7172,0.0477,1.3897,0.1324,1.3447,0.0704,2.0553
2014-12-19,0.0319,1.7183,0.0448,1.1936,0.1462,1.4397,0.0766,2.1303
2014-12-26,0.0328,1.5698,0.0372,1.0296,0.1404,1.3588,0.0744,2.0275
2015-01-02,0.0336,1.6783,0.037,0.9761,0.1394,1.2715,0.0747,1.9826
2015-01-09,0.0301,1.9046,0.0397,0.8519,0.1377,1.1477,0.0698,1.9176
2015-01-16,0.0296,2.0028,0.0395,0.7185,0.1356,1.0004,0.0677,1.7758
2015-01-23,0.0298,2.1763,0.0394,0.7793,0.1302,1.2091,0.064,1.9785
2015-01-30,0.03,2.4056,0.0406,0.9498,0.1353,1.1505,0.0654,1.9744
2015-02-06,0.0375,2.1387,0.0359,1.0774,0.1391,1.5084,0.0673,2.2283
2015-02-13,0.0377,1.8519,0.0407,1.2267,0.142,1.4232,0.0691,2.0962
2015-02-20,0.0406,1.7011,0.0406,1.2703,0.1421,1.4375,0.0693,2.0923
2015-02-27,0.0415,1.565,0.04,1.056,0.142,1.3294,0.0695,1.9698
2015-03-06,0.0491,0.9594,0.0454,0.6683,0.1443,1.0895,0.0735,1.5922
2015-03-13,0.0508,1.2271,0.0552,0.8806,0.1467,1.1424,0.0759,1.6537
2015-03-20,0.0575,1.9305,0.0587,0.9223,0.1412,1.2429,0.0789,1.9054
2015-03-27,0.0592,1.596,0.0644,0.819,0.1361,1.1549,0.0784,1.741
2015-04-03,0.0592,1.5939,0.0646,0.5947,0.1378,0.9838,0.0788,1.6373
2015-04-10,0.0589,1.3667,0.0615,0.9149,0.1257,1.2227,0.0742,1.818
2015-04-17,0.0589,1.3073,0.0657,0.9214,0.124,1.2059,0.0748,1.8323
2015-04-24,0.0587,1.3648,0.0678,1.085,0.1187,1.2776,0.0736,1.9153
2015-05-01,0.0612,0.9607,0.0726,0.8728,0.1123,1.2071,0.0731,1.6958
2015-05-08,0.0626,0.9102,0.0767,0.9031,0.1105,1.2627,0.0745,1.7085
2015-05-15,0.0671,0.8539,0.0751,1.0175,0.1089,1.3153,0.0758,1.6973
2015-05-22,0.0659,0.7594,0.075,0.8953,0.1086,1.2384,0.0759,1.5962
2015-05-29,0.0664,0.5232,0.0799,0.5531,0.1128,1.0328,0.0767,1.3842
2015-06-05,0.062,0.2805,0.0776,0.2695,0.1093,0.8832,0.0731,1.1476
2015-06-12,0.0614,0.3554,0.073,0.3257,0.1047,0.9308,0.071,1.1979
2015-06-19,0.0536,0.2621,0.0709,0.1084,0.0999,0.8744,0.064,1.2265
2015-06-26,0.0513,0.2158,0.0668,0.0867,0.0962,0.8363,0.0603,1.0423
2015-07-03,0.052,0.1297,0.0718,-0.184,0.1016,0.6478,0.0604,0.9264
2015-07-10,0.0533,0.1523,0.0721,-0.1282,0.109,0.6851,0.0631,0.9199
2015-07-17,0.0533,0.2486,0.0688,0.0933,0.1093,0.9053,0.0636,1.1415
2015-07-24,0.0527,0.1173,0.0686,-0.2682,0.1102,0.6067,0.0635,0.8914
2015-07-31,0.0505,0.4633,0.0643,0.0257,0.1097,0.9421,0.0628,1.3108
2015-08-07,0.044,0.4116,0.0598,-0.0351,0.1049,0.9361,0.0573,1.243
2015-08-14,0.037,0.1848,0.0589,-0.0233,0.1072,0.7906,0.0548,1.0682
2015-08-21,0.0392,-0.1745,0.0633,-0.4151,0.1303,0.1608,0.0672,0.4656
2015-08-28,0.045,-0.4019,0.0583,-0.5997,0.1798,0.1855,0.0961,0.3726
2015-09-04,0.0451,-0.4742,0.0565,-0.6654,0.1949,-0.0806,0.1042,0.1507
2015-09-11,0.0434,-0.2359,0.054,-0.6173,0.2018,0.0919,0.1077,0.3489
2015-09-18,0.0429,-0.0894,0.0528,-0.686,0.205,0.0359,0.1086,0.341
2015-09-25,0.0423,-0.0053,0.0511,-0.4515,0.206,0.0986,0.1089,0.3478
2015-10-02,0.0402,0.035,0.0432,-0.3985,0.2132,0.2362,0.1152,0.532
2015-10-09,0.0367,-0.0776,0.0433,-0.3353,0.2122,0.5049,0.1146,0.754
2015-10-16,0.0362,-0.1264,0.0487,-0.1564,0.2144,0.7969,0.1154,1.0236
2015-10-23,0.036,-0.2902,0.0587,0.1198,0.2169,0.6346,0.1172,0.8766
2015-10-30,0.0355,-0.4099,0.0633,-0.0681,0.2165,0.4989,0.117,0.7269
2015-11-06,0.0358,-0.607,0.0673,-0.1385,0.2156,0.4427,0.1168,0.6229
2015-11-13,0.036,-0.7351,0.0772,-0.7631,0.2184,0.1626,0.1187,0.3167
2015-11-20,0.024,-0.6177,0.0812,-0.37,0.1898,0.3344,0.1035,0.5013
2015-11-27,0.0214,-0.7698,0.081,-0.4259,0.166,0.2752,0.0906,0.4197
2015-12-04,0.0229,-0.8317,0.0961,-0.4007,0.1554,0.2746,0.0901,0.3889
2015-12-11,0.0228,-0.9938,0.1023,-0.7858,0.1523,0.1398,0.0873,0.2783
2015-12-18,0.0242,-0.9943,0.1052,-0.7854,0.1573,0.0357,0.09,0.1593
2015-12-25,0.0244,-0.9853,0.1057,-0.7299,0.1579,0.1507,0.0904,0.2841
2016-01-01,0.0246,-1.0372,0.1067,-0.7658,0.1486,0.1648,0.0854,0.2517
2016-01-08,0.0257,-1.4148,0.1077,-0.8759,0.154,-0.2376,0.0869,-0.1714
2016-01-15,0.0261,-1.5743,0.1051,-0.7449,0.1676,-0.1492,0.0939,-0.1464
2016-01-22,0.0267,-1.6313,0.1046,-0.7294,0.1745,-0.2775,0.097,-0.2307
2016-01-29,0.028,-1.5706,0.0949,-0.6677,0.1811,-0.0465,0.1026,0.0169
2016-02-05,0.0282,-1.5202,0.0908,-0.6971,0.1861,-0.358,0.105,-0.2699
2016-02-12,0.0281,-1.2368,0.0886,-0.8361,0.1935,-0.4783,0.1067,-0.3109
2016-02-19,0.0295,-1.0514,0.0784,-0.8668,0.1947,-0.3306,0.1064,-0.1296
2016-02-26,0.0303,-1.1256,0.0737,-0.9377,0.1974,-0.2703,0.1085,-0.0963
2016-03-04,0.0313,-1.0031,0.0753,-0.5946,0.2024,-0.0796,0.1091,0.0854
2016-03-11,0.0301,-1.0166,0.0701,-0.3074,0.1994,0.0841,0.104,0.2315
2016-03-18,0.0317,-1.1929,0.0665,-0.1652,0.1928,0.0945,0.1021,0.2376
2016-03-25,0.0323,-1.3977,0.0646,-0.1045,0.1857,0.1359,0.0985,0.2571
2016-04-01,0.038,-1.1375,0.067,0.1078,0.1839,0.2482,0.0985,0.3989
2016-04-08,0.0376,-1.0319,0.0708,-0.0532,0.1758,0.0845,0.0936,0.2728
2016-04-15,0.0385,-1.0563,0.0747,0.0518,0.1646,0.1393,0.0872,0.2949
2016-04-22,0.0408,-1.2047,0.0759,0.1423,0.1513,0.1484,0.0815,0.2787
2016-04-29,0.0403,-0.7738,0.0789,0.187,0.138,0.1493,0.0719,0.3323
2016-05-06,0.04,-0.4884,0.0811,0.1307,0.1286,0.1183,0.0663,0.365
2016-05-13,0.0395,-0.6794,0.0849,-0.0291,0.121,-0.0028,0.065,0.268
2016-05-20,0.0428,-0.9824,0.0877,-0.1107,0.1134,-0.0172,0.0621,0.1817
2016-05-27,0.0419,-0.7914,0.0861,0.0759,0.1092,0.184,0.0586,0.3803
2016-06-03,0.0439,-0.2569,0.0822,0.1564,0.0996,0.214,0.055,0.5384
2016-06-10,0.0459,-0.0837,0.076,0.1267,0.0942,0.1679,0.0526,0.5351
2016-06-17,0.0457,-0.0576,0.0752,-0.0255,0.0946,0.0611,0.0521,0.4037
2016-06-24,0.0474,-0.192,0.0891,-0.0758,0.1222,0.0237,0.0625,0.401
2016-07-01,0.0506,0.6811,0.0888,0.0844,0.137,0.2822,0.0692,0.7096
2016-07-08,0.0551,0.8736,0.0853,0.2379,0.1358,0.4256,0.0698,0.8665
2016-07-15,0.0557,0.4484,0.0829,0.2288,0.1344,0.3059,0.0686,0.6787
2016-07-22,0.0539,0.5132,0.0827,0.411,0.1339,0.4015,0.0678,0.7658
2016-07-29,0.0561,0.662,0.0808,0.391,0.1319,0.3829,0.0665,0.7787
2016-08-05,0.0583,0.4806,0.0816,0.5022,0.1307,0.4809,0.0668,0.8327
2016-08-12,0.0583,0.68,0.0781,0.5261,0.1259,0.4808,0.0639,0.8375
2016-08-19,0.0562,0.8817,0.0763,0.694,0.1229,0.6213,0.062,0.9389
2016-08-26,0.0585,1.0872,0.0768,0.8016,0.1204,0.7827,0.0611,1.1659
2016-09-02,0.0587,1.2457,0.0766,0.8523,0.1204,0.9604,0.0616,1.3613
2016-09-09,0.0695,0.8514,0.0817,0.66,0.1286,0.7944,0.07,1.1609
2016-09-16,0.0745,0.6612,0.0852,0.6781,0.1351,0.6957,0.0751,1.0293
2016-09-23,0.0779,0.9997,0.0694,0.7357,0.1128,0.9837,0.0688,1.343
2016-09-30,0.074,0.9835,0.0675,0.7196,0.0971,1.0379,0.0621,1.3825
2016-10-07,0.0737,0.5859,0.0642,0.6009,0.092,0.6829,0.0597,0.9657
2016-10-14,0.0746,0.4794,0.0656,0.4968,0.0943,0.5826,0.0614,0.8027
2016-10-21,0.075,0.6041,0.064,0.3575,0.0944,0.5128,0.0618,0.7534
2016-10-28,0.0737,0.4642,0.064,0.2332,0.0952,0.34,0.0621,0.5819
2016-11-04,0.0732,0.3517,0.0603,0.0805,0.0947,0.158,0.0618,0.4457
2016-11-11,0.0741,0.3364,0.0598,0.5406,0.1071,0.6105,0.0662,0.8188
2016-11-18,0.0741,0.266,0.0593,0.4331,0.1082,0.5515,0.0665,0.6521
2016-11-25,0.0744,0.3547,0.0588,0.3884,0.1088,0.6216,0.067,0.7084
2016-12-02,0.073,0.5082,0.0578,0.6142,0.1087,0.6971,0.0672,0.8347
2016-12-09,0.0611,0.6274,0.0423,0.7158,0.0974,0.913,0.0586,1.0072
2016-12-16,0.0554,0.5621,0.0369,0.8706,0.0931,0.9646,0.0567,1.0092
2016-12-23,0.0474,0.5449,0.0353,0.8954,0.088,0.9277,0.0536,0.9904
2016-12-30,0.0459,0.6034,0.0349,0.9606,0.0861,0.9238,0.0517,1.0493
2017-01-06,0.0413,0.7289,0.0347,1.2656,0.0867,1.4598,0.0518,1.5697
2017-01-13,0.0396,0.7942,0.027,1.2246,0.0817,1.5878,0.0491,1.6879
2017-01-20,0.0387,0.7985,0.0267,1.2625,0.0818,1.8435,0.0492,1.8792
2017-01-27,0.0379,0.7504,0.0269,1.2533,0.0833,1.8731,0.049,1.8863
2017-02-03,0.0367,0.6879,0.0264,1.2574,0.0815,1.8292,0.0484,1.7903
2017-02-10,0.0359,0.6292,0.0257,1.3358,0.0671,2.3945,0.0429,2.2905
2017-02-17,0.0292,0.688,0.0242,1.3432,0.0664,2.1624,0.0416,2.0772
2017-02-24,0.0267,0.6646,0.0231,1.3179,0.0652,2.0985,0.0405,2.0407
2017-03-03,0.0283,0.6598,0.0219,1.1858,0.0705,1.9922,0.0421,1.9057
2017-03-10,0.0317,0.4485,0.0207,1.2127,0.0663,1.9842,0.0386,1.8951
2017-03-17,0.0334,0.4824,0.0175,0.8388,0.0647,1.7628,0.0379,1.6664
2017-03-24,0.034,0.5426,0.018,0.8402,0.0694,1.6419,0.04,1.5928
2017-03-31,0.0338,0.4221,0.0161,0.5797,0.0685,1.5444,0.0394,1.4375
2017-04-07,0.0331,0.3864,0.0128,0.738,0.0661,1.67,0.0382,1.5236
2017-04-14,0.0321,0.406,0.0134,0.4285,0.0676,1.3826,0.0385,1.3532
2017-04-21,0.0322,0.4259,0.0125,0.3437,0.0708,1.4166,0.0393,1.4314
2017-04-28,0.0328,0.3775,0.0118,0.4588,0.0715,1.6379,0.0402,1.615
2017-05-05,0.0337,0.2956,0.0112,0.6885,0.0695,1.8514,0.0388,1.7508
2017-05-12,0.0332,0.204,0.0118,0.5309,0.0687,1.7559,0.0388,1.6718
2017-05-19,0.0346,0.5191,0.0229,0.6291,0.0783,1.8318,0.0424,1.8838
2017-05-26,0.0343,0.484,0.0226,0.5941,0.0786,1.7359,0.0424,1.76
2017-06-02,0.0331,0.4961,0.023,0.5011,0.0741,1.7638,0.0408,1.8254
2017-06-09,0.0298,0.0726,0.0233,0.3509,0.0736,1.6707,0.0397,1.6214
2017-06-16,0.0271,0.204,0.0236,0.7306,0.0717,1.8889,0.036,1.8059
2017-06-23,0.0264,0.1545,0.0245,0.4985,0.0695,1.7409,0.0344,1.7487
2017-06-30,0.03,-0.3347,0.0257,1.0796,0.0744,1.9959,0.0407,1.6421
2017-07-07,0.0324,-0.5405,0.0268,1.1272,0.0773,2.0065,0.0432,1.5423
2017-07-14,0.0351,-0.4523,0.0266,0.6475,0.0768,1.8286,0.044,1.4846
2017-07-21,0.0346,-0.2192,0.0272,0.753,0.0733,1.8914,0.0425,1.6125
2017-07-28,0.0343,-0.2364,0.0274,0.6957,0.0696,1.8614,0.0414,1.5233
2017-08-04,0.0333,-0.2282,0.0282,0.7787,0.0694,1.9082,0.0412,1.5845
2017-08-11,0.0333,-0.3181,0.0329,0.2779,0.0753,1.5939,0.0437,1.3668
2017-08-18,0.0339,-0.5122,0.0333,0.1546,0.0738,1.4822,0.0442,1.2572
2017-08-25,0.0354,-0.2045,0.0339,0.3419,0.0759,1.623,0.0451,1.4424
2017-09-01,0.036,0.0968,0.0342,0.4961,0.0755,1.7952,0.0446,1.6197
2017-09-08,0.0376,0.0205,0.0348,0.2946,0.0768,1.6717,0.0448,1.5917
2017-09-15,0.038,0.573,0.0363,1.0919,0.0791,2.1921,0.045,2.1447
2017-09-22,0.0389,-0.125,0.0358,0.9217,0.0764,2.0485,0.0442,1.8915
2017-09-29,0.0388,-0.1217,0.0367,1.371,0.0707,2.3337,0.0381,2.0957
2017-10-06,0.0372,0.3651,0.0363,1.4607,0.0681,2.4491,0.0359,2.3362
2017-10-13,0.0374,0.859,0.0362,1.9326,0.0666,2.6938,0.0342,2.6406
2017-10-20,0.0379,0.5877,0.0359,1.9099,0.0664,2.7602,0.0337,2.6378
2017-10-27,0.0389,0.8189,0.0381,2.0334,0.0694,2.8196,0.0367,2.7335
2017-11-03,0.039,1.3215,0.0376,2.221,0.0698,3.1859,0.0368,3.1448
2017-11-10,0.0409,1.4638,0.031,1.992,0.0607,2.7815,0.033,2.8504
2017-11-17,0.0401,1.6885,0.0258,1.9284,0.055,2.6269,0.0294,2.856
2017-11-24,0.0409,1.6926,0.025,1.939,0.0517,2.6504,0.0279,2.9576
2017-12-01,0.0416,1.5664,0.0258,2.3284,0.0561,2.9304,0.03,3.3198
2017-12-08,0.0416,1.1724,0.0243,2.0817,0.0516,2.657,0.0295,3.02
2017-12-15,0.0409,1.2841,0.0254,2.019,0.0545,2.6971,0.0314,3.2864
2017-12-22,0.0422,1.218,0.0246,2.089,0.0556,2.7453,0.0329,3.1753
2017-12-29,0.041,1.3989,0.023,2.1151,0.0562,2.8032,0.0333,3.2238
2018-01-05,0.0409,1.3727,0.0228,2.1584,0.0587,3.0103,0.0345,3.299
2018-01-12,0.0404,1.4405,0.0229,2.2482,0.0603,3.2276,0.0357,3.459
2018-01-19,0.0395,1.5313,0.0232,2.2635,0.0638,3.3726,0.0374,3.6341
2018-01-26,0.04,1.636,0.0224,2.1893,0.0655,3.4517,0.0382,3.7165
2018-02-02,0.0481,1.1099,0.0189,2.008,0.0841,2.7914,0.0524,2.763
2018-02-09,0.0584,0.3345,0.0203,1.6764,0.1509,1.4845,0.0856,1.4393
2018-02-16,0.0617,0.6701,0.0197,1.486,0.1568,1.7106,0.0888,1.6825
2018-02-23,0.0617,0.6426,0.0217,1.4224,0.1595,1.6712,0.0917,1.5902
2018-03-02,0.064,0.4556,0.0315,0.6929,0.1666,1.3555,0.0955,1.325
2018-03-09,0.0645,0.8944,0.0346,1.09,0.1704,1.7353,0.098,1.7656
2018-03-16,0.0641,0.6997,0.0361,0.8062,0.1712,1.5467,0.0982,1.5655
2018-03-23,0.0657,0.5694,0.0471,-0.0149,0.1843,1.0442,0.1049,0.9929
2018-03-30,0.0677,0.572,0.0486,0.158,0.1972,1.1151,0.1116,1.0845
2018-04-06,0.069,0.4953,0.0483,0.1639,0.2088,0.9837,0.1176,0.9147
2018-04-13,0.0706,0.7004,0.0482,0.2008,0.2115,1.1699,0.1189,1.0596
2018-04-20,0.0707,0.7742,0.0498,0.1805,0.2125,1.1671,0.1202,0.9818
2018-04-27,0.0697,0.6939,0.0527,-0.0152,0.213,1.0423,0.1209,0.8639
2018-05-04,0.0651,0.8297,0.0534,-0.0381,0.2102,1.0129,0.1179,0.8671
2018-05-11,0.0545,0.9603,0.0552,0.2496,0.1715,1.1939,0.0981,1.0651
2018-05-18,0.0512,0.8731,0.0562,0.4098,0.166,1.247,0.0958,0.9962
2018-05-25,0.0497,0.6948,0.0564,0.4013,0.1614,1.0972,0.092,0.9088
2018-06-01,0.0491,0.6215,0.0599,0.3725,0.1606,1.074,0.0904,0.8869
2018-06-08,0.0474,0.6671,0.0593,0.6315,0.1561,1.1898,0.0875,0.9842
2018-06-15,0.0481,0.5792,0.0586,0.6372,0.1554,1.1932,0.0874,0.9773
2018-06-22,0.0454,0.5943,0.0503,0.503,0.1377,1.1198,0.0772,0.9104
2018-06-29,0.0415,0.7055,0.0507,0.3054,0.1159,1.0578,0.0651,0.9163
2018-07-06,0.0423,0.984,0.0514,0.4455,0.103,1.2057,0.0592,1.1323
2018-07-13,0.0423,0.8242,0.0532,0.5303,0.1002,1.1904,0.0578,1.1007
2018-07-20,0.0419,0.4974,0.052,0.3531,0.0952,1.1037,0.0536,0.9488
2018-07-27,0.0422,0.5335,0.0515,0.4717,0.0919,1.1464,0.0505,0.9882
2018-08-03,0.042,0.5191,0.0527,0.6332,0.0875,1.2129,0.0486,1.0265
2018-08-10,0.0414,0.5136,0.0532,0.7321,0.0855,1.3066,0.0467,1.1465
2018-08-17,0.0421,0.5628,0.0551,0.9289,0.0878,1.3893,0.0467,1.2323
2018-08-24,0.0414,0.597,0.054,0.9824,0.0868,1.4302,0.0459,1.2899
2018-08-31,0.0379,0.4467,0.0467,0.9652,0.078,1.3904,0.0434,1.2024
2018-09-07,0.0386,0.1576,0.0456,0.8639,0.0774,1.333,0.0441,1.0754
2018-09-14,0.0377,0.2441,0.0455,0.8768,0.0777,1.321,0.0439,1.0982
2018-09-21,0.036,0.414,0.0457,0.9888,0.0785,1.3668,0.0447,1.1593
2018-09-28,0.0348,0.4592,0.0442,0.824,0.0708,1.2957,0.0411,1.0974
2018-10-05,0.033,0.3392,0.0448,0.5629,0.0688,1.0752,0.0414,0.8049
2018-10-12,0.0391,-0.0779,0.047,0.2551,0.1052,0.7066,0.061,0.4531
2018-10-19,0.0414,-0.0579,0.0465,0.2758,0.1175,0.6671,0.068,0.4053
2018-10-26,0.0435,-0.0622,0.0433,0.2482,0.1394,0.3609,0.0773,0.2008
2018-11-02,0.043,-0.3452,0.0416,0.1732,0.1456,0.474,0.0804,0.2242
2018-11-09,0.0435,-0.4115,0.0397,0.2181,0.1535,0.5987,0.0856,0.3597
2018-11-16,0.0424,-0.3563,0.0362,0.044,0.1577,0.482,0.0879,0.2998
2018-11-23,0.0425,-0.642,0.0358,-0.0805,0.1647,0.1807,0.0921,-0.0231
2018-11-30,0.0426,-0.4516,0.0343,-0.1178,0.1744,0.3516,0.0985,0.2065
2018-12-07,0.0438,-0.3994,0.0369,-0.2368,0.1929,0.0969,0.1085,-0.0247
2018-12-14,0.0436,-0.5465,0.0368,-0.345,0.1956,-0.0654,0.1099,-0.2075
2018-12-21,0.0446,-0.6412,0.0342,-0.4868,0.2038,-0.5569,0.1142,-0.6203
2018-12-28,0.0452,-0.8231,0.0344,-0.62,0.2359,-0.3512,0.1298,-0.4187
2019-01-04,0.0456,-0.9179,0.0339,-0.6611,0.2511,-0.2995,0.137,-0.3321
2019-01-11,0.0413,-0.8914,0.0289,-0.6933,0.2454,-0.2286,0.1325,-0.2339
2019-01-18,0.0349,-1.055,0.0327,-0.4627,0.2392,-0.1697,0.1289,-0.1771
2019-01-25,0.034,-1.168,0.044,-0.4799,0.2394,-0.2648,0.1289,-0.2602
2019-02-01,0.0319,-0.9506,0.0546,-0.2033,0.227,-0.1491,0.1242,-0.0934
2019-02-08,0.0321,-0.3441,0.0592,-0.0491,0.2255,0.1497,0.123,0.2874
2019-02-15,0.0315,-0.4424,0.0681,0.4422,0.2198,0.2577,0.1193,0.4295
2019-02-22,0.033,-0.3759,0.0685,0.5428,0.216,0.2838,0.1172,0.47
2019-03-01,0.0343,-0.6363,0.0691,0.6753,0.2099,0.277,0.1133,0.4076
2019-03-08,0.0334,-0.5784,0.0705,0.4257,0.1935,0.1169,0.103,0.2888
2019-03-15,0.0338,-0.4246,0.0742,0.8303,0.1897,0.2396,0.1012,0.4089
2019-03-22,0.0332,-0.3207,0.078,0.9204,0.1835,0.2781,0.0972,0.5205
2019-03-29,0.0316,0.0091,0.078,1.3285,0.1331,0.615,0.0705,0.8712
2019-04-05,0.0303,-0.0458,0.0787,1.4662,0.1056,0.6168,0.0576,0.8638
2019-04-12,0.0317,-0.2474,0.0794,1.5002,0.1053,0.6529,0.0578,0.8844
2019-04-19,0.0344,-0.5902,0.0793,1.4062,0.1021,0.538,0.056,0.7739
2019-04-26,0.0355,-0.1843,0.0728,1.7426,0.0953,0.7891,0.0533,1.1321
2019-05-03,0.0375,-0.1006,0.0668,1.7768,0.0912,0.8138,0.0495,1.1284
2019-05-10,0.0396,-0.4642,0.0649,1.5344,0.0961,0.515,0.0521,0.8395
2019-05-17,0.0413,-0.4786,0.0587,1.3385,0.1086,0.3903,0.0587,0.7647
2019-05-24,0.041,-0.4751,0.0577,1.2947,0.1131,0.2891,0.0599,0.6436
2019-05-31,0.0412,-0.3668,0.0569,1.2683,0.118,0.1287,0.0618,0.4823
2019-06-07,0.0434,0.003,0.0535,1.1334,0.1268,0.3014,0.0673,0.7348
2019-06-14,0.0429,0.0112,0.0469,1.1413,0.1232,0.3208,0.0648,0.7585
2019-06-21,0.0455,0.4738,0.044,1.4506,0.1173,0.4764,0.0638,0.9199
2019-06-28,0.0483,0.5157,0.047,1.5274,0.1177,0.6146,0.0648,1.0512
2019-07-05,0.0533,0.5785,0.0494,1.721,0.1177,0.6967,0.0663,1.1295
2019-07-12,0.0541,0.4797,0.0499,1.7288,0.1179,0.6031,0.0666,1.0051
2019-07-19,0.0551,0.4588,0.0517,1.4769,0.1191,0.4278,0.0677,0.8441
2019-07-26,0.0553,0.4364,0.053,1.4757,0.1197,0.465,0.0678,0.9015
2019-08-02,0.0551,0.5648,0.0559,1.2246,0.1217,0.3302,0.0675,0.8465
2019-08-09,0.0581,0.733,0.0652,0.7389,0.1402,0.201,0.0771,0.7175
2019-08-16,0.0584,1.0108,0.0627,0.9219,0.1489,0.2205,0.0801,0.7516
2019-08-23,0.0577,0.7917,0.063,0.7317,0.1574,0.0416,0.0835,0.541
2019-08-30,0.056,0.8536,0.0627,0.6184,0.1567,0.0893,0.0834,0.6155
2019-09-06,0.0575,1.0265,0.0627,0.7354,0.1527,0.2542,0.0804,0.783
2019-09-13,0.0609,0.7068,0.0638,0.8548,0.1529,0.3144,0.0815,0.7582
2019-09-20,0.0591,1.0108,0.0605,0.6867,0.151,0.2418,0.0793,0.7683
2019-09-27,0.0583,0.9583,0.0607,0.5106,0.1509,0.1835,0.0783,0.71
2019-10-04,0.0566,0.8934,0.0678,0.1026,0.1581,0.1247,0.0825,0.7301
2019-10-11,0.0562,1.0389,0.0662,0.3377,0.1638,0.4454,0.085,1.0315
2019-10-18,0.0536,1.2079,0.0651,0.3676,0.1641,0.4394,0.0844,1.0398
2019-10-25,0.0523,1.5408,0.0649,0.4534,0.1633,0.8682,0.0835,1.4656
2019-11-01,0.0507,1.7145,0.0561,0.6823,0.1485,0.8494,0.0772,1.4998
2019-11-08,0.0505,1.2093,0.0569,0.7694,0.1382,0.6753,0.0711,1.2633
2019-11-15,0.0489,1.5419,0.058,0.9559,0.1157,0.9958,0.0604,1.6302
2019-11-22,0.0494,1.5847,0.0578,0.9961,0.0983,1.1226,0.0528,1.7872
2019-11-29,0.0499,1.6219,0.0586,0.9942,0.0959,0.9715,0.0521,1.6244
2019-12-06,0.0491,1.5218,0.06,1.0358,0.0948,1.1254,0.0516,1.7249
2019-12-13,0.0465,1.6816,0.0591,1.0723,0.0952,1.3101,0.0506,1.9554
2019-12-20,0.0462,1.9241,0.0592,1.3641,0.0955,1.9714,0.051,2.6152
2019-12-27,0.0454,2.1713,0.0553,1.4544,0.0924,2.1602,0.0503,2.8904
2020-01-03,0.0445,2.1589,0.0392,1.4707,0.0829,2.3114,0.0453,2.9764
2020-01-10,0.043,2.2338,0.0389,1.4631,0.0703,1.9886,0.0376,2.679
2020-01-17,0.0433,2.3681,0.0388,1.4279,0.068,2.0273,0.0378,2.7362
2020-01-24,0.0438,2.3325,0.0375,1.426,0.0691,1.9457,0.0382,2.6985
2020-01-31,0.0447,1.9531,0.037,1.1099,0.0882,1.5381,0.0461,2.3043
2020-02-07,0.0416,2.0839,0.0291,1.0556,0.0948,1.7881,0.0479,2.5714
2020-02-14,0.0395,2.277,0.0283,0.8651,0.0958,1.7999,0.0487,2.585
2020-02-21,0.0393,2.4249,0.0261,0.6043,0.0991,1.6009,0.05,2.4286
2020-02-28,0.0567,1.5059,0.032,0.3857,0.1618,0.5185,0.0857,1.2836
2020-03-06,0.0607,2.0307,0.0289,0.584,0.2219,0.5785,0.119,1.3425
2020-03-13,0.0857,0.7389,0.028,0.2761,0.4,-0.0805,0.2189,0.2599
2020-03-20,0.0978,0.2852,0.0259,0.033,0.4833,-0.6853,0.2537,-0.4236
2020-03-27,0.1008,0.5301,0.0247,0.176,0.5391,-0.2033,0.2807,0.0624
2020-04-03,0.1005,0.5465,0.0244,0.016,0.5531,-0.3372,0.2889,-0.043
2020-04-10,0.1007,0.5005,0.024,-0.0386,0.5758,0.0443,0.3033,0.3606
2020-04-17,0.101,0.7027,0.0288,0.1339,0.5831,0.1319,0.3083,0.4964
2020-04-24,0.1012,0.7326,0.0641,-0.0257,0.5894,0.0658,0.3125,0.4089
2020-05-01,0.1012,0.6628,0.0957,-0.2888,0.593,0.0763,0.3156,0.4141
2020-05-08,0.1018,0.6668,0.1036,0.2428,0.5934,0.2341,0.3165,0.5695
2020-05-15,0.1017,0.6494,0.1131,-0.0356,0.5956,0.1564,0.3179,0.4792
2020-05-22,0.1008,0.6796,0.1219,0.2268,0.5967,0.3204,0.3186,0.6447
2020-05-29,0.0946,0.6513,0.1257,0.5174,0.5876,0.4502,0.3135,0.7751
2020-06-05,0.0899,0.2932,0.1414,1.1064,0.5699,0.5394,0.3036,0.8178
2020-06-12,0.0696,0.2876,0.155,0.8519,0.4764,0.3345,0.2505,0.5974
2020-06-19,0.0488,0.1301,0.1557,0.7347,0.3813,0.3281,0.2098,0.5773
2020-06-26,0.0425,0.2293,0.1579,0.7417,0.3179,0.273,0.1837,0.5227
2020-07-03,0.041,0.1199,0.1579,0.5744,0.2936,0.3205,0.1711,0.5619
2020-07-10,0.04,0.3849,0.1579,0.5788,0.2564,0.3684,0.1489,0.6475
2020-07-17,0.0388,0.3642,0.1576,0.6649,0.2422,0.4145,0.1401,0.6845
2020-07-24,0.0394,0.6104,0.1468,0.6521,0.2278,0.3958,0.1315,0.6772
2020-07-31,0.0386,0.6289,0.1275,0.8674,0.2143,0.5034,0.1226,0.773
2020-08-07,0.0389,0.5794,0.1225,1.2,0.2108,0.5933,0.12,0.8453
2020-08-14,0.0448,0.401,0.1133,1.2015,0.2036,0.7138,0.1162,0.926
2020-08-21,0.0468,0.4321,0.1034,1.1176,0.1913,0.6562,0.1103,0.8962
2020-08-28,0.0484,0.3623,0.0991,1.1974,0.1897,0.756,0.1093,0.9776
2020-09-04,0.0515,0.2046,0.0681,1.1452,0.1979,0.6258,0.1161,0.8395
2020-09-11,0.0537,0.3053,0.043,1.0329,0.1737,0.5148,0.1017,0.7628
2020-09-18,0.0549,0.2807,0.0402,1.023,0.1736,0.4984,0.1019,0.7422
2020-09-25,0.0604,0.067,0.0339,1.0645,0.1686,0.5092,0.0994,0.7445
2020-10-02,0.0619,0.2119,0.0336,1.4339,0.1673,0.6261,0.0987,0.8356
2020-10-09,0.0641,0.3928,0.0474,1.6599,0.1731,0.7138,0.1015,0.9407
2020-10-16,0.0644,0.2725,0.0543,1.6292,0.1741,0.6558,0.1022,0.8971
2020-10-23,0.064,0.1527,0.0593,1.5494,0.1744,0.6322,0.1026,0.8552
2020-10-30,0.0727,-0.339,0.0807,0.9718,0.1911,0.4281,0.1124,0.6056
2020-11-06,0.0803,0.3391,0.0809,0.8407,0.2032,0.5911,0.1214,0.8338
2020-11-13,0.0782,0.4181,0.091,0.9938,0.2051,0.6449,0.1218,0.8685
2020-11-20,0.0777,0.4158,0.1009,0.9656,0.208,0.6145,0.1233,0.834
2020-11-27,0.0768,0.3755,0.1102,1.1987,0.2094,0.6352,0.1241,0.8597
2020-12-04,0.0762,0.5453,0.1123,1.4029,0.195,0.7194,0.1142,0.9388
2020-12-11,0.0738,0.5445,0.1126,1.2897,0.1785,0.6433,0.1054,0.8864
2020-12-18,0.0741,0.6068,0.1135,1.3253,0.1754,0.6445,0.1037,0.8804
2020-12-25,0.0729,0.4714,0.1139,1.2771,0.1652,0.6102,0.0977,0.8414
2021-01-01,0.0718,0.5299,0.1144,1.3611,0.162,0.6327,0.0961,0.8664
2021-01-08,0.0721,0.59,0.1149,1.5096,0.1561,0.6753,0.0932,0.8771
2021-01-15,0.0736,0.4244,0.1119,1.3869,0.1532,0.5932,0.0915,0.7824
2021-01-22,0.0745,0.4813,0.1097,1.5068,0.152,0.6429,0.0905,0.8274
2021-01-29,0.0691,0.384,0.0977,1.3653,0.1447,0.5775,0.087,0.7263
2021-02-05,0.0666,0.6743,0.0982,1.5437,0.1374,0.6609,0.0802,0.8164
2021-02-12,0.064,0.729,0.0965,1.5752,0.131,0.6722,0.0763,0.8236
2021-02-19,0.0624,0.6172,0.0831,1.5551,0.1247,0.6534,0.0739,0.7651
2021-02-26,0.0675,0.9967,0.0709,1.5534,0.1303,0.9613,0.082,1.0415
2021-03-05,0.0678,0.8512,0.0725,1.5922,0.1473,0.9527,0.0931,0.9458
2021-03-12,0.0685,1.9343,0.0698,1.6761,0.1494,1.8075,0.0958,1.8848
2021-03-19,0.0712,2.3301,0.0678,1.6427,0.1507,2.1934,0.0977,2.2672
2021-03-26,0.073,2.0393,0.0695,1.7483,0.1551,2.1333,0.0998,2.0558
2021-04-02,0.0748,2.051,0.0689,1.7871,0.1557,2.5792,0.1006,2.3992
2021-04-09,0.0731,2.1289,0.0639,1.9311,0.1524,2.3379,0.0993,2.1687
2021-04-16,0.0723,2.1621,0.0642,1.9712,0.1524,2.3597,0.1,2.1659
2021-04-23,0.0706,2.191,0.0664,2.1306,0.1536,2.4236,0.1005,2.2307
2021-04-30,0.0654,2.3619,0.0597,1.9826,0.138,2.2394,0.0919,2.0295
2021-05-07,0.0631,2.5054,0.0593,2.3102,0.1328,2.3914,0.0891,2.2004
2021-05-14,0.0677,2.3096,0.0653,2.325,0.1472,2.3756,0.099,2.1554
2021-05-21,0.0684,2.3492,0.0651,2.0991,0.1486,2.1905,0.0998,1.9695
2021-05-28,0.0623,2.5002,0.0574,1.9424,0.131,2.0838,0.0866,1.8568
2021-06-04,0.0618,2.7514,0.0563,1.7385,0.1198,1.9892,0.0799,1.8194
2021-06-11,0.0605,2.8025,0.0564,1.9044,0.115,2.3943,0.0759,2.1826
2021-06-18,0.0621,2.3075,0.0601,1.5263,0.1147,2.0472,0.074,1.8417
2021-06-25,0.0599,2.4397,0.0591,1.8433,0.1113,2.3218,0.0725,2.0788
2021-07-02,0.0579,2.451,0.057,1.9598,0.107,2.3719,0.0703,2.1462
2021-07-09,0.0605,2.3615,0.057,1.8788,0.1096,2.3646,0.0709,2.1464
2021-07-16,0.0599,2.2723,0.0546,1.8115,0.1094,2.1762,0.0698,1.9814
2021-07-23,0.0652,2.1665,0.0509,1.7204,0.113,2.2508,0.0697,2.0634
2021-07-30,0.0648,2.1316,0.0504,1.7126,0.1128,2.2176,0.0691,2.0365
2021-08-06,0.0653,1.868,0.049,1.6676,0.1125,2.0661,0.0688,1.8597
2021-08-13,0.0618,2.1342,0.0421,1.7401,0.0921,2.0799,0.0531,1.9307
2021-08-20,0.0619,1.9547,0.0424,1.7718,0.0928,2.0025,0.0527,1.8427
2021-08-27,0.0645,2.1656,0.0427,1.705,0.0944,1.9089,0.0543,1.7614
2021-09-03,0.063,2.2876,0.0419,1.7513,0.0929,2.0776,0.0524,1.879
2021-09-10,0.0644,2.2535,0.0437,1.6718,0.0953,2.272,0.0546,2.0578
2021-09-17,0.0615,2.1435,0.0392,1.628,0.0944,2.1918,0.0545,1.9663
2021-09-24,0.0605,2.4398,0.0399,1.6593,0.1002,2.5051,0.0561,2.2294
2021-10-01,0.066,2.1381,0.044,1.5925,0.1125,2.0295,0.0654,1.7689
2021-10-08,0.0639,2.111,0.043,1.4847,0.1154,1.9765,0.0675,1.6876
2021-10-15,0.0621,2.3198,0.0429,1.4725,0.1165,2.0323,0.0702,1.7369
2021-10-22,0.0604,2.5068,0.0433,1.708,0.1117,2.2306,0.0677,1.9508
2021-10-29,0.0621,2.9743,0.0485,2.4728,0.1127,2.7811,0.0686,2.4833
2021-11-05,0.0601,2.6583,0.0491,2.6432,0.1116,2.5653,0.0688,2.3075
2021-11-12,0.0612,2.5873,0.0488,2.6869,0.114,2.4849,0.0714,2.1915
2021-11-19,0.0586,2.4067,0.0486,2.3979,0.109,2.4464,0.0683,2.1518
2021-11-26,0.0656,2.0156,0.055,1.9529,0.1166,2.1372,0.0698,1.8982
2021-12-03,0.0693,1.9203,0.0589,1.7341,0.132,1.8937,0.0758,1.742
2021-12-10,0.0709,2.0367,0.0575,1.7544,0.1403,2.1627,0.0789,1.9625
2021-12-17,0.0699,1.787,0.0561,1.5469,0.1414,1.8658,0.0794,1.7192
2021-12-24,0.0714,2.0124,0.0565,1.6835,0.1459,2.085,0.0824,1.9142
2021-12-31,0.067,1.9599,0.0531,1.5801,0.1377,2.0184,0.0756,1.8219
2022-01-07,0.0704,1.6418,0.0591,1.2863,0.1395,1.7229,0.0784,1.4916
2022-01-14,0.0697,1.7162,0.06,1.432,0.1381,1.8072,0.077,1.5616
2022-01-21,0.0706,1.4182,0.0618,1.0602,0.1503,1.1827,0.0849,0.9706
2022-01-28,0.0711,1.5553,0.0577,1.2758,0.1591,1.5205,0.0913,1.2814
2022-02-04,0.073,1.3395,0.0559,0.979,0.1708,1.2676,0.0991,1.0026
2022-02-11,0.0728,1.1701,0.0554,0.8629,0.1812,1.0102,0.1047,0.7532
2022-02-18,0.0727,1.1471,0.0552,0.9687,0.1882,0.9952,0.1077,0.8079
2022-02-25,0.0717,1.3831,0.0545,1.1259,0.2001,1.1685,0.1158,0.9974
2022-03-04,0.064,1.6722,0.0428,1.0572,0.193,1.0283,0.1118,1.0179
2022-03-11,0.0713,1.313,0.0428,0.8708,0.2034,0.6124,0.1198,0.5168
2022-03-18,0.0733,1.3331,0.04,0.9887,0.2122,1.0632,0.1267,0.9479
2022-03-25,0.0721,1.4179,0.0414,0.89,0.211,1.072,0.1254,0.8186
2022-04-01,0.0735,1.2255,0.0542,0.6355,0.2135,0.8961,0.1274,0.6859
2022-04-08,0.0708,1.2206,0.0553,0.2635,0.2131,0.7258,0.1284,0.3866
2022-04-15,0.071,1.112,0.0587,-0.1099,0.2158,0.4845,0.1316,0.0887
2022-04-22,0.0723,0.9106,0.0606,-0.2755,0.219,0.3091,0.1338,-0.1168
2022-04-29,0.0746,0.7019,0.061,-0.288,0.237,0.0871,0.1435,-0.2945
2022-05-06,0.0754,0.5101,0.0611,-0.467,0.2472,0.0109,0.153,-0.4347
2022-05-13,0.0786,0.4786,0.061,-0.1945,0.254,-0.0489,0.1542,-0.4276
2022-05-20,0.0795,0.4988,0.0608,-0.1229,0.2641,-0.1922,0.1583,-0.5205
2022-05-27,0.0795,0.4442,0.0608,-0.139,0.2676,0.1001,0.1591,-0.2119
2022-06-03,0.0758,0.3727,0.0608,-0.3064,0.2681,0.0056,0.1628,-0.3798
2022-06-10,0.0658,0.3295,0.0629,-0.6074,0.2663,-0.2896,0.1638,-0.7542
2022-06-17,0.0629,0.5795,0.0627,-0.3779,0.2738,-0.4804,0.1714,-0.927
2022-06-24,0.0609,0.3317,0.0607,-0.6957,0.2844,-0.2661,0.1778,-0.6738
2022-07-01,0.0585,0.2165,0.048,-0.776,0.2844,-0.4425,0.1784,-0.7734
2022-07-08,0.0619,0.1705,0.0401,-0.6466,0.2846,-0.3505,0.1772,-0.7856
2022-07-15,0.0602,-0.0163,0.0317,-0.7526,0.2856,-0.4372,0.1772,-0.8294
2022-07-22,0.0597,-0.0427,0.0336,-0.7198,0.2892,-0.317,0.1788,-0.6723
2022-07-29,0.0556,-0.0869,0.0603,-0.1098,0.2823,-0.1639,0.1772,-0.4822
2022-08-05,0.048,-0.2136,0.0659,-0.1499,0.2574,-0.161,0.1601,-0.5326
2022-08-12,0.0404,-0.0209,0.0814,0.2118,0.2517,-0.0389,0.159,-0.3753
2022-08-19,0.0385,0.0379,0.0842,0.182,0.2315,-0.0393,0.1531,-0.4395
2022-08-26,0.0387,-0.0343,0.1027,-0.2355,0.2405,-0.299,0.1607,-0.6811
2022-09-02,0.0393,-0.4533,0.1048,-0.516,0.2318,-0.5289,0.1548,-0.9606
2022-09-09,0.0404,-0.3024,0.104,-0.397,0.2305,-0.3131,0.1547,-0.7695
2022-09-16,0.0411,-0.4341,0.1049,-0.4716,0.2174,-0.5103,0.1424,-0.9725
2022-09-23,0.0393,-0.4131,0.1052,-0.4307,0.2091,-0.6997,0.1402,-1.1875
2022-09-30,0.0382,-0.1342,0.1052,-0.3377,0.2143,-0.6845,0.1488,-1.1593
2022-10-07,0.0305,-0.2949,0.1052,-0.4691,0.2342,-0.696,0.1643,-1.1597
2022-10-14,0.0273,-0.5342,0.1054,-0.5672,0.2407,-0.7921,0.1675,-1.2899
2022-10-21,0.0264,-0.6368,0.1042,-0.6275,0.2455,-0.69,0.1718,-1.1802
2022-10-28,0.025,-0.7425,0.0924,-0.4932,0.2443,-0.5603,0.1705,-1.0231
2022-11-04,0.0247,-0.7067,0.0959,-0.8108,0.2496,-0.7804,0.1716,-1.2803
2022-11-11,0.0234,-0.7563,0.1038,-0.4231,0.2726,-0.4842,0.1902,-0.8918
2022-11-18,0.0227,-0.7879,0.1007,-0.4396,0.2696,-0.5651,0.1878,-0.9672
2022-11-25,0.0217,-0.7168,0.0907,-0.2642,0.261,-0.4978,0.1833,-0.8634
2022-12-02,0.0173,-0.4333,0.1043,0.0568,0.2677,-0.3469,0.1884,-0.7127
2022-12-09,0.0142,-0.6753,0.1158,-0.3358,0.2673,-0.5737,0.1881,-0.9333
2022-12-16,0.013,-0.8222,0.1255,-0.5677,0.2588,-0.6615,0.1822,-1.0001
2022-12-23,0.014,-0.9326,0.1264,-0.5266,0.2555,-0.7224,0.1783,-1.0985
2022-12-30,0.0171,-1.0737,0.127,-0.6155,0.2506,-0.7761,0.1726,-1.1695
2023-01-06,0.0232,-0.6587,0.1285,-0.5253,0.2426,-0.6456,0.1676,-0.9385
2023-01-13,0.0253,-0.5633,0.1286,-0.5268,0.2301,-0.5631,0.1609,-0.8404
2023-01-20,0.0258,-0.3078,0.1377,-0.5311,0.2241,-0.4203,0.1541,-0.6874
2023-01-27,0.0261,0.0256,0.1403,-0.1881,0.2165,-0.1545,0.1475,-0.4484
2023-02-03,0.0326,-0.3673,0.1412,-0.1132,0.211,-0.3137,0.147,-0.615
2023-02-10,0.0343,-0.5299,0.1385,-0.198,0.2069,-0.3649,0.1458,-0.6731
2023-02-17,0.0359,-0.4973,0.1286,-0.2037,0.1767,-0.2793,0.121,-0.5941
2023-02-24,0.0422,-0.833,0.1293,-0.3422,0.1806,-0.1603,0.125,-0.5252
2023-03-03,0.0451,-0.9486,0.117,-0.2479,0.1698,-0.2402,0.118,-0.6156
2023-03-10,0.0488,-1.437,0.1094,-0.3642,0.1728,-0.3411,0.116,-0.6455
2023-03-17,0.0514,-1.0106,0.1041,-0.2907,0.1767,-0.3701,0.1144,-0.5796
2023-03-24,0.0514,-1.2863,0.0939,-0.2438,0.1715,-0.4038,0.1082,-0.5728
2023-03-31,0.0512,-1.0456,0.0937,-0.3772,0.1674,-0.4008,0.1051,-0.584
2023-04-07,0.0509,-0.8965,0.0931,-0.2227,0.1653,-0.3382,0.1029,-0.4447
2023-04-14,0.0509,-0.9874,0.0936,-0.0105,0.1593,-0.1856,0.0952,-0.3211
2023-04-21,0.0508,-1.2441,0.0796,-0.0855,0.1511,-0.2574,0.0927,-0.3764
2023-04-28,0.0521,-0.7085,0.0851,0.0835,0.1576,0.0522,0.0958,-0.0744
2023-05-05,0.0506,-0.7644,0.0806,-0.0286,0.1546,-0.1134,0.0884,-0.205
2023-05-12,0.05,-0.4675,0.0773,-0.0278,0.1497,0.266,0.0855,0.1252
2023-05-19,0.0502,-0.5655,0.0756,0.0234,0.1489,0.3547,0.0834,0.1438
2023-05-26,0.0471,-0.8853,0.073,0.069,0.1464,0.3012,0.077,0.0381
2023-06-02,0.0461,-0.8223,0.0725,0.1002,0.1462,0.2414,0.0737,0.0438
2023-06-09,0.0449,-0.9918,0.071,0.1782,0.1335,0.2406,0.07,0.051
2023-06-16,0.044,-0.6844,0.0721,0.3958,0.1255,0.7671,0.0719,0.585
2023-06-23,0.0447,-0.7466,0.0726,0.31,0.1196,0.7473,0.0713,0.5211
2023-06-30,0.0452,-0.5361,0.073,0.4128,0.1197,0.789,0.0709,0.523
2023-07-07,0.0465,-0.3747,0.0738,0.324,0.1176,0.691,0.0703,0.3299
2023-07-14,0.0498,-0.0153,0.0731,0.4372,0.1166,0.8728,0.0731,0.5408
2023-07-21,0.0498,-0.0643,0.0735,0.5869,0.1172,0.695,0.0748,0.4036
2023-07-28,0.0531,-0.1885,0.0631,0.5194,0.1076,0.669,0.0744,0.2834
2023-08-04,0.0544,-0.4316,0.0566,0.1567,0.1067,0.3711,0.0751,-0.0145
2023-08-11,0.0548,-0.5774,0.0521,0.113,0.1031,0.2842,0.0735,-0.1073
2023-08-18,0.0568,-0.9225,0.0508,-0.1372,0.1042,0.0838,0.075,-0.2838
2023-08-25,0.0577,-0.9289,0.0475,0.026,0.1066,0.2913,0.0788,-0.044
2023-09-01,0.0578,-0.4566,0.043,0.3739,0.1025,0.6803,0.0789,0.3289
2023-09-08,0.0554,-0.4423,0.0433,0.2962,0.1033,0.5741,0.0786,0.239
2023-09-15,0.055,-0.4427,0.0422,0.2907,0.1041,0.6217,0.0775,0.2932
2023-09-22,0.0554,-0.5197,0.0437,0.2316,0.1085,0.6834,0.0818,0.3468
2023-09-29,0.0548,-0.6567,0.0426,0.2471,0.1079,0.7533,0.0814,0.4307
2023-10-06,0.0543,-0.8073,0.0398,0.177,0.1135,0.6918,0.0846,0.3214
2023-10-13,0.0506,-0.657,0.037,0.1764,0.1126,1.067,0.0839,0.737
2023-10-20,0.0494,-0.6854,0.0328,0.0719,0.1185,0.7293,0.0858,0.4131
2023-10-27,0.045,-0.7956,0.0303,-0.0333,0.1217,0.3435,0.0866,0.0461
2023-11-03,0.0414,-0.6986,0.0288,0.0184,0.1313,0.8336,0.0952,0.5655
2023-11-10,0.0416,-0.7976,0.0333,0.0242,0.1349,0.9433,0.0987,0.639
2023-11-17,0.0384,-0.702,0.0452,-0.0572,0.1361,0.7652,0.1028,0.4001
2023-11-24,0.0359,-0.6185,0.0469,-0.1197,0.1315,0.7572,0.0988,0.4035
2023-12-01,0.036,-0.4474,0.0503,-0.1641,0.1283,0.6947,0.0968,0.3862
2023-12-08,0.0376,-0.5576,0.0501,0.3032,0.1283,0.9832,0.0963,0.5562
2023-12-15,0.0485,-0.2971,0.0545,0.3454,0.1273,1.0452,0.0987,0.7264
2023-12-22,0.0507,-0.1083,0.0523,0.7355,0.1254,1.3464,0.095,1.0608
2023-12-29,0.0512,0.0297,0.0515,0.8122,0.1209,1.5808,0.0929,1.3437
2024-01-05,0.0523,-0.3748,0.0511,0.7967,0.1193,1.3228,0.0904,0.9926
2024-01-12,0.0535,-0.3863,0.0515,0.6846,0.1191,1.248,0.0887,0.905
2024-01-19,0.059,-0.6582,0.0512,0.9059,0.1173,1.4239,0.0878,0.9308
2024-01-26,0.0597,-0.7547,0.0502,0.708,0.1059,1.3461,0.0803,0.8746
2024-02-02,0.0647,-0.7239,0.0506,0.4075,0.1085,1.2515,0.081,0.8168
2024-02-09,0.0666,-0.5624,0.0508,0.4456,0.1039,1.3853,0.0778,0.9677
2024-02-16,0.0729,-0.552,0.0397,0.4099,0.0996,1.2855,0.0733,0.9034
2024-02-23,0.0733,-0.142,0.0385,1.0216,0.1067,1.7389,0.0767,1.3803
2024-03-01,0.075,0.0835,0.0376,1.0854,0.1081,1.8995,0.078,1.5849
2024-03-08,0.0736,0.2958,0.0336,1.0435,0.1114,1.8109,0.0782,1.5438
2024-03-15,0.0703,0.1703,0.0225,1.169,0.1111,2.059,0.0754,1.438
2024-03-22,0.0672,0.1002,0.0217,1.1678,0.1078,2.218,0.0743,1.5564
2024-03-29,0.0676,0.2231,0.0233,1.2215,0.108,2.1678,0.0748,1.5593
2024-04-05,0.0672,-0.1369,0.0233,0.9471,0.1108,1.8076,0.0752,1.104
2024-04-12,0.0742,-0.3112,0.0239,0.915,0.1146,1.6749,0.0783,0.9659
2024-04-19,0.0711,-0.4956,0.024,0.8256,0.1158,1.2702,0.0789,0.6667
2024-04-26,0.0709,-0.3531,0.0239,1.3303,0.1203,1.7012,0.0818,0.9424
2024-05-03,0.071,-0.5092,0.0242,1.47,0.1189,1.6736,0.084,0.9264
2024-05-10,0.0704,-0.2949,0.0257,1.5414,0.1191,1.7503,0.0836,1.0107
2024-05-17,0.0654,0.0069,0.0292,1.8211,0.1157,1.8469,0.0799,1.1711
2024-05-24,0.0688,-0.0139,0.0371,1.6875,0.1096,1.9394,0.0772,1.2862
2024-05-31,0.0695,-0.0892,0.0417,1.194,0.1113,1.7705,0.0783,1.1072
2024-06-07,0.0741,-0.1538,0.0429,1.0388,0.1088,1.7082,0.079,1.1262
2024-06-14,0.0744,-0.113,0.0436,1.0678,0.1067,1.6382,0.0787,1.152
2024-06-21,0.0745,-0.1241,0.0437,1.1582,0.1057,1.7158,0.0778,1.1691
2024-06-28,0.074,-0.1026,0.043,1.1651,0.105,1.6917,0.0776,1.0995
2024-07-05,0.0755,0.1365,0.0429,1.144,0.1017,1.7273,0.077,1.245
2024-07-12,0.072,0.2019,0.0426,1.0837,0.1006,1.7538,0.0739,1.2819
2024-07-19,0.0747,-0.1239,0.0448,1.114,0.0986,1.3768,0.0731,0.9158
2024-07-26,0.0792,-0.1285,0.0457,0.8889,0.1085,1.2632,0.0787,0.8934
2024-08-02,0.0783,0.2846,0.0458,1.0157,0.1165,1.1609,0.0788,1.0427
2024-08-09,0.0827,0.2474,0.0474,0.9364,0.137,1.1966,0.0875,1.0069
2024-08-16,0.0831,0.7834,0.0442,1.2824,0.1423,1.6122,0.0888,1.4815
2024-08-23,0.0829,0.9256,0.0457,1.4547,0.1448,1.6626,0.0906,1.5303
2024-08-30,0.0808,0.7371,0.0448,1.4816,0.1435,1.5576,0.0889,1.3848
2024-09-06,0.0815,0.6926,0.0598,0.8188,0.1525,1.2729,0.0921,1.2874
2024-09-13,0.0774,0.9731,0.0613,1.1631,0.1556,1.5718,0.0924,1.5498
2024-09-20,0.0788,0.9816,0.0668,1.5007,0.1584,1.796,0.0942,1.7658
2024-09-27,0.0778,1.2104,0.0673,1.7611,0.1582,2.1095,0.0937,2.1218
2024-10-04,0.0768,1.215,0.0703,1.8936,0.1595,2.1642,0.0929,2.1453
2024-10-11,0.0753,1.0621,0.0735,2.029,0.16,2.034,0.0938,1.9455
2024-10-18,0.0702,1.1195,0.0749,2.1399,0.156,2.2354,0.0904,2.2562
2024-10-25,0.0685,1.0495,0.0768,2.0296,0.148,2.4371,0.0853,2.3957
2024-11-01,0.0623,0.8814,0.0799,1.8138,0.128,2.2221,0.0761,2.0794
2024-11-08,0.0684,1.0148,0.0971,2.2912,0.1296,2.2972,0.0766,2.1185
2024-11-15,0.0695,0.6404,0.099,1.911,0.1254,1.9241,0.0743,1.7701
2024-11-22,0.0671,0.7993,0.0967,2.0243,0.1229,1.9682,0.0717,1.7768
2024-11-29,0.0671,0.7988,0.0954,2.1017,0.122,2.068,0.0725,1.89
2024-12-06,0.0649,0.8664,0.0855,1.846,0.1058,2.1396,0.0658,1.9192
2024-12-13,0.0634,0.5778,0.0867,1.37,0.1058,1.8149,0.0662,1.5001
2024-12-20,0.0696,0.3337,0.0886,1.1694,0.1206,1.6292,0.0784,1.2224
2024-12-27,0.0694,0.1262,0.0885,1.1541,0.1245,1.5331,0.0806,1.0799
2025-01-03,0.0691,0.3428,0.0879,1.0664,0.1277,1.6186,0.0818,1.2192
2025-01-10,0.0693,0.2582,0.0852,1.0426,0.1298,1.366,0.0852,0.9631
2025-01-17,0.0694,0.5852,0.0818,1.1101,0.1335,1.6107,0.0903,1.2707
2025-01-24,0.0676,0.5897,0.0823,1.0888,0.1352,1.5438,0.0908,1.2164
2025-01-31,0.0679,0.4893,0.0838,0.8674,0.1391,1.3582,0.0921,1.0479
2025-02-07,0.0641,0.606,0.0786,0.8043,0.1336,1.3096,0.0897,1.0342
2025-02-14,0.0557,0.8909,0.0569,0.8651,0.1255,1.4298,0.088,1.2349
2025-02-21,0.0569,0.7487,0.0578,0.7472,0.1272,1.2549,0.0876,1.0828
2025-02-28,0.0571,0.6027,0.0566,0.7106,0.1348,1.0187,0.0917,0.9544
2025-03-07,0.0613,0.3899,0.0566,0.5467,0.1464,0.7575,0.097,0.6174
2025-03-14,0.0667,0.2046,0.0557,0.3747,0.1634,0.4319,0.1029,0.3315
2025-03-21,0.0681,0.3403,0.0553,0.3486,0.1657,0.461,0.1044,0.4311
2025-03-28,0.0586,0.3193,0.0461,0.322,0.1615,0.305,0.097,0.2632
2025-04-04,0.0779,-0.1445,0.0548,0.0112,0.2199,-0.3171,0.1275,-0.2235
2025-04-11,0.0893,0.1113,0.0539,-0.0149,0.3193,0.1096,0.1834,0.0986
2025-04-18,0.0894,0.4024,0.054,0.0405,0.3204,0.1434,0.1829,0.2027
2025-04-25,0.0897,0.4406,0.0523,-0.0531,0.3315,0.3495,0.1912,0.4041
2025-05-02,0.0895,0.5138,0.0481,0.0416,0.3317,0.5306,0.191,0.5967
2025-05-09,0.0904,0.3885,0.0485,0.023,0.3315,0.362,0.1903,0.3573
2025-05-16,0.0898,0.2383,0.0685,0.4203,0.3379,0.5572,0.193,0.5431
2025-05-23,0.0885,0.1933,0.0753,-0.0592,0.3379,0.3545,0.1941,0.3158
2025-05-30,0.0881,0.3479,0.0824,0.2971,0.3377,0.456,0.1943,0.4772
2025-06-06,0.0857,0.4239,0.0843,0.4961,0.333,0.5506,0.1915,0.4936
2025-06-13,0.0817,0.5296,0.0865,0.3543,0.3252,0.4547,0.1886,0.4386
2025-06-20,0.0803,0.402,0.0889,0.2271,0.3245,0.3566,0.1878,0.319
2025-06-27,0.0796,0.3906,0.0929,0.5283,0.3229,0.5278,0.1876,0.5083
2025-07-04,0.0796,0.5818,0.0938,0.7294,0.32,0.6054,0.1865,0.6302
2025-07-11,0.0424,0.4258,0.0887,0.6628,0.1815,0.5006,0.1145,0.4611
2025-07-18,0.0403,0.1002,0.091,0.4689,0.1439,0.4538,0.0919,0.382
2025-07-25,0.0402,0.3948,0.0917,0.6107,0.1175,0.627,0.0739,0.5888
2025-08-01,0.0422,0.2827,0.0956,0.2768,0.1233,0.6151,0.075,0.592
2025-08-08,0.0407,0.5139,0.0954,0.505,0.1223,0.9357,0.0756,0.8381
2025-08-15,0.0391,0.2415,0.0848,0.5122,0.1061,0.8029,0.0687,0.6869
2025-08-22,0.0435,0.1677,0.0789,0.5212,0.1043,0.6659,0.0664,0.5599
2025-08-29,0.0437,0.0734,0.0723,0.4234,0.0961,0.639,0.0608,0.5454
2025-09-05,0.0432,0.3204,0.0723,0.561,0.0978,0.7463,0.0627,0.6824
2025-09-12,0.0449,0.3632,0.072,0.6992,0.0965,0.8615,0.063,0.7527
2025-09-19,0.0464,0.1921,0.0658,0.6071,0.09,0.7942,0.0595,0.6735
2025-09-26,0.0476,0.1703,0.0622,0.517,0.0882,0.6928,0.0574,0.5756
2025-10-03,0.0469,0.3592,0.0597,0.6517,0.0852,0.7762,0.0555,0.676
2025-10-10,0.0514,0.4553,0.0649,0.3993,0.1026,0.605,0.0619,0.5935
2025-10-17,0.0546,0.6942,0.063,0.3698,0.1073,0.6362,0.0635,0.6429
2025-10-24,0.0626,0.775,0.0622,0.4177,0.1098,0.7019,0.0651,0.75
2025-10-31,0.0626,0.6561,0.0571,0.4094,0.1045,0.7509,0.0646,0.7916
2025-11-07,0.0634,0.6415,0.0583,0.4238,0.1078,0.7148,0.0658,0.7722
2025-11-14,0.0686,0.9171,0.0589,-0.1052,0.1153,0.5476,0.0704,0.6225
2025-11-21,0.0683,0.7844,0.0528,-0.0455,0.1191,0.5059,0.0708,0.5975
2025-11-28,0.0707,0.9949,0.0523,-0.1923,0.1235,0.6271,0.0734,0.696
2025-12-05,0.0704,0.9062,0.0507,-0.145,0.1215,0.5912,0.0717,0.6228
2025-12-12,0.0715,0.8836,0.0537,0.0408,0.1231,0.5714,0.0732,0.5875
2025-12-19,0.0709,1.0352,0.0561,-0.0351,0.1265,0.5652,0.0754,0.6325
2025-12-26,0.0715,1.5019,0.0546,0.1735,0.1258,0.7073,0.0748,0.834
2026-01-02,0.0745,1.3431,0.0567,0.1135,0.1268,0.7132,0.0755,0.8122
2026-01-09,0.0765,1.5741,0.0619,0.3919,0.1276,0.7946,0.0764,0.9345
2026-01-16,0.0727,1.6337,0.055,0.5163,0.1103,0.7454,0.0686,0.8662
2026-01-23,0.0679,1.7431,0.0658,0.5439,0.1179,0.6076,0.0745,0.7101
2026-01-30,0.0844,1.6325,0.0657,0.6456,0.1148,0.6696,0.0727,0.7563
2026-02-06,0.0954,1.5218,0.0701,0.6443,0.1209,0.6367,0.0751,0.7066
2026-02-13,0.0979,1.5926,0.0702,0.7937,0.1194,0.5767,0.074,0.7384
2026-02-20,0.0959,1.5682,0.0685,0.6783,0.1127,0.5552,0.0695,0.6857
2026-02-27,0.094,1.8373,0.0689,0.8463,0.1064,0.6883,0.0644,0.7841
2026-03-06,0.0979,1.6638,0.0701,0.7089,0.1105,0.6901,0.0668,0.7443
2026-03-13,0.0985,1.7698,0.068,0.7933,0.1154,0.8401,0.0708,0.8652
2026-03-20,0.1083,1.173,0.0641,0.7612,0.1201,0.6694,0.0768,0.6419
2026-03-27,0.1106,1.2221,0.0628,0.7799,0.1276,0.5194,0.0838,0.5002
2026-04-03,0.1113,1.3804,0.0609,0.791,0.1417,0.7661,0.0917,0.7304
2026-04-10,0.1097,2.1847,0.0547,1.1951,0.1504,1.7204,0.0969,1.6778
2026-04-17,0.1097,2.0389,0.0603,1.5741,0.1552,1.9492,0.101,1.9199
2026-04-24,0.1091,1.9282,0.0497,1.5203,0.1504,2.1247,0.0978,2.0728
2026-05-01,0.0968,1.8789,0.055,1.5224,0.1514,1.9406,0.0987,1.7918
2026-05-08,0.0886,1.9245,0.0511,1.4545,0.1467,2.0366,0.0984,1.9179
2026-05-15,0.0873,1.8921,0.0507,1.0101,0.1459,1.7288,0.1002,1.6098
2026-05-22,0.0861,1.8414,0.0521,1.315,0.1452,1.8828,0.1016,1.7894
2026-05-29,0.0863,1.7976,0.0527,1.2412,0.1435,1.9631,0.1015,1.8677
2026-06-05,0.0866,1.4817,0.0555,0.9919,0.1494,1.5937,0.1057,1.431
2026-06-12,0.0881,1.4816,0.0578,0.9924,0.1516,1.5466,0.1067,1.4289
2026-06-19,0.0858,1.3916,0.0591,1.1488,0.1549,1.6614,0.1083,1.5282
2026-06-26,0.0756,1.3219,0.0599,1.1766,0.1497,1.3118,0.1014,1.2062
2026-07-03,0.071,1.2901,0.0618,0.9856,0.1371,1.3367,0.0946,1.1834
2026-07-10,0.0703,1.3297,0.0635,0.7732,0.1308,1.3631,0.0916,1.2071
2026-07-17,0.0693,1.4541,0.0625,0.8204,0.1313,1.2334,0.0917,1.1332
2026-07-24,0.0681,1.3822,0.0581,0.7188,0.1304,1.0589,0.0902,0.9032
2026-07-31,0.0669,1.4862,0.0538,0.7506,0.1364,1.1244,0.0935,0.9525
2026-08-07,0.0627,1.56,0.0517,1.014,0.1402,1.4171,0.0957,1.1847
2026-08-14,0.062,1.5656,0.0524,1.0074,0.1392,1.3048,0.0953,1.0702
2026-08-21,0.057,1.6012,0.0542,0.9881,0.1372,1.2775,0.0924,1.044
2026-08-28,0.0561,1.4671,0.0536,0.8626,0.137,1.2189,0.092,0.9695
2026-09-04,0.0475,1.4144,0.0491,0.8624,0.1283,1.1993,0.0861,0.9104
2026-09-11,0.0418,1.2759,0.0475,0.8586,0.1221,1.0988,0.0822,0.7151
2026-09-18,0.0397,1.1385,0.0471,0.7196,0.1147,1.008,0.078,0.6277
2026-09-25,0.0367,1.1281,0.0459,0.6581,0.1147,1.0569,0.081,0.6548
2026-10-02,0.0364,0.9194,0.0435,0.5605,0.1102,0.9523,0.0794,0.5117
