approach,variant,cagr,vol,sharpe,max_dd,calmar,worst_year,worst_year_label,trades_per_year,turnover_per_year,avg_invested,2007–2014_cagr,2015–2026_cagr,2007–2014_sharpe,2015–2026_sharpe
1 Trend allocation (Faber 10m),9-month average,0.05380960274082236,0.06692861322037746,0.5974446940627179,-0.13388300409849663,0.40191511314785766,-0.04130808590802726,2022,13.925377790101207,2.11591676182632,0.6601081871645802,0.05579905943733521,0.05247110009614464,0.6509670389557395,0.5588022653365556
1 Trend allocation (Faber 10m),10-month average (standard),0.0515807464814344,0.06666542124398746,0.5679888463558627,-0.12306370155062085,0.4191385910833931,-0.04346105212715501,2022,13.520275890752808,2.059472497985571,0.6593464465486295,0.05229027177371304,0.05111062175817427,0.6072772904932479,0.5414982898481788
1 Trend allocation (Faber 10m),11-month average,0.04900602804978549,0.06708281098772569,0.5294490543379818,-0.11778421378580628,0.4160661813212444,-0.05448451822943989,2015,13.419000415915708,2.046726281896804,0.6623669063952248,0.0523302957160201,0.04676208342692889,0.6097185623485061,0.467028466953668
1 Trend allocation (Faber 10m),"10-month, rebalance 5th trading day",0.05388424228454647,0.06535638551838682,0.6122401896605464,-0.09763517542837363,0.5518937416574482,-0.047706448918167554,2022,12.710072092056011,1.9392806394704503,0.6637880414651043,0.0552728820835533,0.052953421402184064,0.6731938243705461,0.5668832272863131
1 Trend allocation (Faber 10m),"10-month, rebalance mid-month",0.05543940192699437,0.06701397166350946,0.622015358988588,-0.13284328833883952,0.41732934061062005,-0.05797455516342098,2015,13.520275890752808,2.0547438631148682,0.651519404668847,0.06044821241813736,0.05205848592721174,0.7408827917103421,0.5314108471711356
1 Trend allocation (Faber 10m),"10-month, rebalance 15th trading day",0.052641711064938645,0.06687364115240241,0.5838743889875979,-0.11411295765962237,0.4613123009392065,-0.06197575819849166,2015,13.520275890752808,2.0508458159394385,0.6556847809068073,0.061748502515992065,0.04650323494985309,0.7372833418391918,0.4609852797369285
2 Dual momentum (12m),6-month momentum,0.06352298117500288,0.15156595199670775,0.3863753980072502,-0.34510940883913077,0.18406621073786333,-0.2536734952770463,2022,5.418237903784833,5.415529212902072,0.9999998880202531,0.08984568092129508,0.045994065834137565,0.5941569043714041,0.24539054618057524
2 Dual momentum (12m),9-month momentum,0.05181415088681085,0.15599922535344132,0.3088005819746884,-0.3457539699753539,0.14985844093273687,-0.17303773613981477,2022,4.911860529599335,4.909404980284039,0.9999998999980474,0.04665104178099866,0.055353769316764945,0.3242813854093163,0.29855200614478633
2 Dual momentum (12m),12-month momentum (standard),0.06970813891327499,0.16151905118859242,0.4081986315978065,-0.33717267130723405,0.2067431463024963,-0.1768816072503615,2022,3.6965548315541383,3.694707099905727,0.999999924768429,0.0687891560933036,0.07035061190854508,0.44723370405663254,0.38182819824420944
2 Dual momentum (12m),"12-month, rebalance mid-month",0.08681972714674946,0.15780223875086907,0.51472384673608,-0.31297539487251,0.27740112663525934,-0.20376998494786236,2022,3.0889019825315405,3.0873581177845866,0.9979874607008469,0.0778725808624181,0.09297040340996676,0.4972428701636465,0.5272407828455241
3 Trend allocation + 10% vol target,8% target,0.04859709024293801,0.06195828515051964,0.5603383848094444,-0.12306370155062052,0.3948937796491379,-0.043461052127155786,2022,13.520275890752808,2.123787077823605,0.632132820327457,0.04429304965727465,0.051547043041886065,0.5661296251879597,0.5578964077180114
3 Trend allocation + 10% vol target,"10% target, 63-day (standard)",0.05026327268301589,0.0646327267734938,0.5643599387376332,-0.12306370155062085,0.408432966420571,-0.04346105212715601,2022,13.520275890752808,2.076941876617869,0.6500126051772114,0.04848073760507421,0.051489740874167245,0.5885695158516863,0.5487852439125015
3 Trend allocation + 10% vol target,12% target,0.0508525516246896,0.06577900723151373,0.5641961055600482,-0.12306370155062085,0.41322137221568933,-0.043461052127155786,2022,13.520275890752808,2.064219121225239,0.6561914081683746,0.05049118334082503,0.051110621758174046,0.5980359476192199,0.5414982898481793
3 Trend allocation + 10% vol target,"10% target, 21-day window",0.04912214724048769,0.064677294599189,0.5472536000880075,-0.12306370155062052,0.3991603260875587,-0.04346105212715501,2022,13.520275890752808,2.1221059931704014,0.6489553148324103,0.04588197383743786,0.05134403455125436,0.5500622632040372,0.5498344596250416
3 Trend allocation + 10% vol target,"10% target, 126-day window",0.049656382184581016,0.0634608150440312,0.5644670598138939,-0.12306370155062085,0.4035014513532687,-0.0434610521271549,2022,13.520275890752808,2.0986913271745617,0.644045925147486,0.04669232652567734,0.0516896058797236,0.5805659799670743,0.5546982379091404
"4 Hold by default (12 ETFs, 200d)",150-day average,0.08510046905593405,0.10547982341686578,0.6884260583181349,-0.16531050975269423,0.514791643817716,-0.11903112941238714,2008,24.76185359767087,2.1804629961934237,0.7372241564661847,0.09699181162894588,0.077104627581557,0.8056561799074086,0.6001837754813831
"4 Hold by default (12 ETFs, 200d)",200-day average (standard),0.0887717489410722,0.10842843691278431,0.7042198163834099,-0.15903570649587873,0.5581875347180141,-0.09875847745468358,2008,20.153819492582837,1.8101890965696663,0.7564916159417794,0.09657864700617225,0.08351370302788075,0.7740998999327925,0.6522641902112994
"4 Hold by default (12 ETFs, 200d)",250-day average,0.08360212447803139,0.11257642891731515,0.6401948153521044,-0.17543613135182634,0.4765388055119187,-0.09177772432570541,2008,18.33086094551504,1.6701023602145388,0.7709761341083062,0.08512735889326906,0.08258593077494591,0.6730027838712687,0.6169219653368271
"4 Hold by default (12 ETFs, 200d)","200-day, rebalance 5th trading day",0.08576820226974902,0.11084464399587375,0.6663702650807113,-0.22263503301590282,0.3852412673239193,-0.1135055483951466,2008,19.44489116872314,1.74709807692119,0.7532370163103688,0.0819494834305412,0.08839478031258041,0.6870610764912234,0.6518696503495311
"4 Hold by default (12 ETFs, 200d)","200-day, rebalance mid-month",0.08183106725493916,0.11610409526499194,0.6104273018675738,-0.2714977556078263,0.30140605424798683,-0.09349773817703755,2008,20.153819492582837,1.8139847560092404,0.7510564384133063,0.08586116733123617,0.07911757576061884,0.6866051059287992,0.5563473460073963
"4 Hold by default (12 ETFs, 200d)","200-day, rebalance 15th trading day",0.07849729465203281,0.11776432063325278,0.5771631205215378,-0.29986501347054184,0.26177543603213393,-0.1062741962128142,2020,19.44489116872314,1.7504608490113096,0.7497504809703591,0.09385935027029735,0.0681882533832987,0.7534384728988123,0.45642540359607536
5 Setup J + 3x ATR trailing stop,2.5x ATR trail,0.05156136511949283,0.06621092027112518,0.5719366509006445,-0.20668458837125436,0.24946884296412286,-0.0601562529134646,2008,103.40225980867878,8.59296157028584,0.4012415936781458,0.04086006570754641,0.05891706270430519,0.46280594339336595,0.678095876150194
5 Setup J + 3x ATR trailing stop,3x ATR trail (standard),0.05625504980655327,0.07758903507365952,0.5559020539880157,-0.22099374435087837,0.25455494214006097,-0.0628726952474532,2008,103.35162207126022,8.571939590987807,0.4972522164702531,0.04704450050762188,0.06258113189816439,0.4673916342009168,0.6488437700015794
5 Setup J + 3x ATR trailing stop,3.5x ATR trail,0.05689190494765417,0.0858908329716842,0.5171317176878646,-0.22880908625455731,0.24864355642048294,-0.07217096166604042,2008,103.35162207126022,8.564138800469879,0.5764424164058111,0.04932865232404526,0.06208228246992409,0.45490029370697643,0.5836471912535636
5 Setup J + 3x ATR trailing stop,"EMA 9/27, 3x trail",0.05798600923634578,0.08187904258032115,0.5508159290403112,-0.21941139784558505,0.2642798405448132,-0.07525415670415969,2008,112.82087896852904,9.35551268053127,0.5230230035771872,0.04610462353244715,0.06616038109187206,0.43742722412690127,0.6675264006672392
5 Setup J + 3x ATR trailing stop,"EMA 11/33, 3x trail",0.053841596109672096,0.07455860827980365,0.5445850832274057,-0.21700647905498538,0.24811054648755276,-0.06233637984765994,2011,94.13555386108416,7.8162944394161835,0.46686725241409066,0.043971563636013844,0.06062277343832889,0.447503807575979,0.6467440816968401
