strategy,year,return,max_dd
1 Trend allocation (Faber 10m),2008,0.011270826800273248,-0.12306370155062085
1 Trend allocation (Faber 10m),2020,0.07726349362398244,-0.057632285452559606
1 Trend allocation (Faber 10m),2022,-0.04346105212715501,-0.05715854731987957
2 Dual momentum (12m),2008,0.05471029112757875,-0.1171971887282871
2 Dual momentum (12m),2020,-0.03751774605684788,-0.33717267130723405
2 Dual momentum (12m),2022,-0.1768816072503615,-0.2107892221865162
3 Trend allocation + 10% vol target,2008,0.011270826800273248,-0.12306370155062085
3 Trend allocation + 10% vol target,2020,0.07726349362398088,-0.05763228545255972
3 Trend allocation + 10% vol target,2022,-0.04346105212715601,-0.057158547319880904
"4 Hold by default (12 ETFs, 200d)",2008,-0.09875847745468358,-0.10416863412413102
"4 Hold by default (12 ETFs, 200d)",2020,0.08139800111288409,-0.13808050819316264
"4 Hold by default (12 ETFs, 200d)",2022,-0.07408364617320873,-0.09391172868612563
5 Setup J + 3x ATR trailing stop,2008,-0.0628726952474532,-0.07776022220493783
5 Setup J + 3x ATR trailing stop,2020,0.09731069671429093,-0.07345629174734036
5 Setup J + 3x ATR trailing stop,2022,-0.029541887709632286,-0.07603770906464402
SPY buy & hold,2008,-0.367949970082844,-0.47579585624975407
SPY buy & hold,2020,0.18331600971955098,-0.3371726408187494
SPY buy & hold,2022,-0.18175380143068431,-0.24496370222242425
60/40 SPY/IEF,2008,-0.17904945155636542,-0.27999881115215486
60/40 SPY/IEF,2020,0.1639670327795728,-0.18855153433662786
60/40 SPY/IEF,2022,-0.16565754030565505,-0.20872155007555648
Setup J (live),2008,-0.07813353173527227,-0.08738428007223065
Setup J (live),2020,0.14503960202048738,-0.05463062393586082
Setup J (live),2022,-0.04424996858836383,-0.08021836017866346
