period,strategy,total_return,cagr,avg_annual_return,vol,sharpe,sortino,downside_dev,max_dd,calmar,monthly_win_rate,worst_year,worst_year_label,orders_per_year,switches_per_year,rebalances_per_year,turnover_per_year,avg_invested
Full period,"1 Trend allocation (1 part, day 1)",1.6508897493781274,0.05060532088742997,0.05164711489589449,0.06632801340497689,0.5565628849550976,0.7724336157212325,0.04791808587888779,-0.12319192148777669,0.41078441083047085,0.6260504201680672,-0.04425730507737091,2022,71.75367392208513,15.59642312491335,12.001143768196313,1.7933376505166925,0.6560654726572591
Full period,Trend allocation (4 parts),1.7232098486804492,0.05203823249996331,0.05286315180436103,0.06402961246809609,0.5966904255666767,0.8230817147682391,0.046446879521677774,-0.09917259235847264,0.5247239309008292,0.6218487394957983,-0.04866739804533704,2015,286.2551296270623,61.06911132677111,47.8526618605296,1.7569752264592637,0.6558446576898941
Full period,2 Dual momentum (12m),2.7671237076308017,0.06946810531474013,0.08022166432128776,0.16068506221380283,0.40807908098524515,0.5619376624693484,0.11671773248129752,-0.33564111558451526,0.20697138130339662,0.6050420168067226,-0.17598619148375716,2022,7.950124774712325,3.6965548315541383,6.127166227644531,1.838603340740556,0.9950148287172709
Full period,3 Trend allocation + 10% vol target,1.5871041958059648,0.04931036522010235,0.05027953760063736,0.06430552736136656,0.5528038905810605,0.7654664733276633,0.04656763461324606,-0.12319192148777669,0.40027271776092077,0.6260504201680672,-0.0442573050773708,2022,71.75367392208513,15.495147650076252,12.001143768196313,1.7800312930512896,0.6467776863546495
Full period,"4 Hold by default (12 ETFs, 200d)",4.226989558295577,0.0873532016578571,0.08971926129514796,0.10787884221384049,0.6951617089309086,0.9572217813972549,0.0784412642841462,-0.16427599911194535,0.5317465858072824,0.6554621848739496,-0.10353406416542044,2008,120.51781505614862,22.43251767641758,11.798592818522113,1.631395343059074,0.752727477819641
Full period,4 Hold by default (4 parts),3.804552754524509,0.08272300358959295,0.08566939444774974,0.1098603840442112,0.6458518667637207,0.8740359412171133,0.08127333961439412,-0.23090441097008196,0.35825648909024643,0.6554621848739496,-0.1029003961070456,2008,480.1470262026896,87.90711215860253,46.890544849577154,1.5981489512187885,0.7504559614968691
Full period,5 Setup J + 3x ATR trailing stop,1.9470652088107543,0.05625513836967455,0.05783162334097119,0.07758891418075446,0.5559028957676113,0.7822027367886919,0.05522615397166046,-0.2209929950218401,0.2545562060196298,0.5336134453781513,-0.06287215992419126,2008,103.35162207126022,103.35162207126022,66.63926244281159,4.284894080290771,0.49725167106792617
Full period,Setup J (archived),1.6699002403578174,0.050985546636267864,0.05274083636016452,0.07657107754199882,0.49651701543977095,0.7046313027820957,0.05408113668478954,-0.22672972237317046,0.22487367823946633,0.5588235294117647,-0.09472743222001845,2011,103.35162207126022,103.35162207126022,71.85494939692222,4.288835356979576,0.46223343857263705
Full period,SPY buy & hold,6.751581035382486,0.10926858066475487,0.12299474630489911,0.19546907794346247,0.5525756609964861,0.7780921681708487,0.13926521326851493,-0.5518940751465313,0.19798831983427867,0.6596638655462185,-0.3679498893578864,2008,0.05063773741854984,0.05063773741854984,0.05063773741854984,0.025306209274920284,0.9999998363990337
Full period,60/40 SPY/IEF,3.66657569492948,0.08112662029171358,0.08417135565769528,0.10988503743810646,0.6293984921506268,0.8909895011857862,0.0780455673193963,-0.3251909235434678,0.24947381497524948,0.6596638655462185,-0.17904944004648105,2008,24.103563011229724,0.10127547483709969,12.051781505614862,0.13901813046426223,0.9999999991267651
2007-2014,"1 Trend allocation (1 part, day 1)",0.49220461695822015,0.05134058534268782,0.05292082396684119,0.07529184377437592,0.5980294194119353,0.840723212686884,0.053834488533500896,-0.12319192148777669,0.4167528578388309,0.625,-0.00045507251132637094,2012,72.92491438356164,14.885188356164383,12.008219178082191,1.647516329817204,0.683337549423316
2007-2014,Trend allocation (4 parts),0.5402774478134122,0.05551869827348055,0.056610549168427476,0.07148879009527083,0.6838687419297376,0.9598473211608919,0.05099730787978239,-0.09917259235847264,0.5598189676518767,0.6458333333333334,0.019441618337314504,2008,291.8247431506849,60.541438356164385,48.032876712328765,1.7007103445185023,0.674973255383804
2007-2014,2 Dual momentum (12m),0.6985029748238536,0.06850851256388957,0.07905490143153407,0.15960619434477788,0.44705143994553076,0.618838726817773,0.11536766935233526,-0.19989635215098778,0.34272017386361814,0.5729166666666666,-0.012794513149856801,2009,6.129195205479452,3.3773116438356166,4.5030821917808215,1.679735574221799,0.9950118160116206
2007-2014,3 Trend allocation + 10% vol target,0.44995815879289736,0.047570472058275026,0.04901363394858615,0.07101314206160533,0.5790172273298755,0.810832711282882,0.05100030321859817,-0.12319192148777669,0.3861492822237946,0.625,-0.0004550725113262599,2012,72.92491438356164,14.635017123287671,12.008219178082191,1.6263142387579939,0.6629617682945259
2007-2014,"4 Hold by default (12 ETFs, 200d)",1.0624850681039995,0.09477726177123458,0.0974937260237177,0.11736702799918494,0.7634640148029158,1.062752746393151,0.08452841596034244,-0.16427599911194535,0.5769391894347812,0.6770833333333334,-0.10353406416542044,2008,110.32551369863013,18.762842465753426,11.382791095890411,1.3694054291612783,0.7448968736310855
2007-2014,4 Hold by default (4 parts),0.9710242630998702,0.08858344858293243,0.09147322080360222,0.11437821228502051,0.7309220896454215,1.004144319660665,0.083466389590616,-0.16532320723993787,0.535819804501911,0.6354166666666666,-0.1029003961070456,2008,444.0539383561644,80.55513698630136,45.03082191780822,1.4482284268657561,0.7378984255754264
2007-2014,5 Setup J + 3x ATR trailing stop,0.4441497680161648,0.04704463246607449,0.05008353967162909,0.09046339573984959,0.4673925700284259,0.6571227579599237,0.0645581352101265,-0.2209929950218401,0.21287838766756023,0.5208333333333334,-0.06287215992419126,2008,102.06986301369862,102.06986301369862,62.16755136986301,4.2311052025968525,0.5071418961685572
2007-2014,Setup J (archived),0.35768059772457583,0.03898929067807666,0.04219736654639624,0.08869372215920479,0.38761020148450437,0.5458174383600325,0.0632747221059181,-0.22672972237317046,0.17196373845465604,0.5208333333333334,-0.09472743222001845,2011,102.19494863013699,102.19494863013699,68.17166095890411,4.237841579406388,0.46385113725619986
2007-2014,SPY buy & hold,0.705723902775141,0.06907567277758342,0.0913938817695077,0.22184075726302918,0.3751915894457274,0.5293869110337557,0.15816968687872882,-0.5518940751465313,0.125161105886566,0.6145833333333334,-0.3679498893578864,2008,0.12508561643835617,0.12508561643835617,0.12508561643835617,0.06251153681506849,0.9999997329980272
2007-2014,60/40 SPY/IEF,0.7391340227953496,0.07167279949984162,0.07630528567933526,0.11885189492578986,0.5712531936112538,0.814073198275538,0.08432210520029945,-0.3251909235434678,0.220402213932829,0.625,-0.17904944004648105,2008,24.016438356164382,0.25017123287671234,12.008219178082191,0.18776263565937498,0.9999999975021558
2015-2026,"1 Trend allocation (1 part, day 1)",0.7764921239701195,0.05011746667488581,0.050779009965645217,0.05946274174814256,0.5280326568640252,0.7229077545031314,0.04342625426540621,-0.08140474126300334,0.6156578338965017,0.6267605633802817,-0.04425730507737091,2022,70.97355545200372,16.08393522833178,11.999126281453867,1.8929629054311887,0.6374780064620514
2015-2026,Trend allocation (4 parts),0.7679995591354889,0.049689317037810765,0.05030908808482471,0.0584146272963506,0.5294174825543474,0.7179617893505713,0.04307089114678068,-0.09448059713556556,0.5259208614707844,0.6056338028169014,-0.04866739804533704,2015,282.53261882572224,61.442334575955265,47.7412045666356,1.7956635839833768,0.6428074340839601
2015-2026,2 Dual momentum (12m),1.217908218866369,0.07013818832255603,0.08101687936696084,0.16144317761330115,0.3817467593409811,0.523944319484984,0.11762899809541458,-0.33564111558451526,0.2089678083699941,0.6267605633802817,-0.17598619148375716,2022,9.190820130475302,3.9146085740913326,7.233515843429636,1.947115102524228,0.9950168820469427
2015-2026,3 Trend allocation + 10% vol target,0.7842612768631554,0.0505075087790916,0.05114232269547023,0.05931328506416922,0.5354990260065993,0.7336232771181748,0.04328718795845459,-0.08140474126300334,0.6204492268565953,0.6267605633802817,-0.0442573050773708,2022,70.97355545200372,16.08393522833178,11.999126281453867,1.88502519562106,0.6357473171408049
2015-2026,"4 Hold by default (12 ETFs, 200d)",1.5343163153664152,0.08235226674423979,0.08442052289807876,0.10092142498182119,0.6444127594042067,0.8787738691180605,0.07400617061496076,-0.13766924509192413,0.5981892810500395,0.6408450704225352,-0.07495316032745358,2022,127.48007921714817,24.93435461323392,12.084226467847158,1.8100164856323773,0.7580644784408767
2015-2026,4 Hold by default (4 parts),1.4375918878686402,0.07877395551720667,0.0817137578045393,0.1066905809765462,0.5841544112311768,0.7815992018363702,0.0797440985737207,-0.23090441097008196,0.34115396577423257,0.6690140845070423,-0.06491991591579527,2022,504.8143056849953,92.92940354147251,48.16670549860205,1.7005175626032416,0.759014634033514
2015-2026,5 Setup J + 3x ATR trailing stop,1.0406922287978144,0.06258119051779487,0.06311238155080366,0.06743464171710689,0.6488445603714346,0.9141359838384491,0.04783374499605397,-0.08312782387119322,0.7528308525766847,0.5422535211267606,-0.04342650802824033,2015,104.24772833178005,104.24772833178005,69.69705265610438,4.3224869080975035,0.49051092204840974
2015-2026,Setup J (archived),0.9665157216155809,0.05923837267786225,0.059926808679937556,0.06707728864475385,0.6045919713669595,0.8664216642842522,0.04679127536044466,-0.08216283155596737,0.7209874776225363,0.5845070422535211,-0.059522028083223155,2015,104.16262814538676,104.16262814538676,74.37756290773532,4.324527497210389,0.46113088522282475
2015-2026,SPY buy & hold,3.5444523716710483,0.1375010415179001,0.14453252673612696,0.17526293641904178,0.713885087889108,1.0031816427879856,0.1247497834790597,-0.33717255701575277,0.407806147495794,0.6901408450704225,-0.18175368830560268,2022,0.0,0.0,0.0,0.0,0.9999999068726809
2015-2026,60/40 SPY/IEF,1.6832754886991328,0.08762578174956759,0.08953252822501072,0.10334815335513933,0.6784856157456347,0.9548823170708759,0.07346108830670253,-0.21200867960256953,0.4133122375641906,0.6830985915492958,-0.16565756406851606,2022,24.168452935694315,0.0,12.084226467847158,0.10588790282230846,1.0000000002340281
