Date,"1 Trend allocation (1 part, day 1)",Trend allocation (4 parts),2 Dual momentum (12m),3 Trend allocation + 10% vol target,"4 Hold by default (12 ETFs, 200d)",4 Hold by default (4 parts),5 Setup J + 3x ATR trailing stop,Setup J (archived),SPY buy & hold,60/40 SPY/IEF
2007,0.11609233980281042,0.0957059001709708,0.08775788475866797,0.11609233980281042,0.08347962401637044,0.07810293429456472,0.03659690824425543,0.031178875185219113,0.046282879077822914,0.06980321893202479
2008,0.010193081292745765,0.019441618337314504,0.05455248785242506,0.010193081292745765,-0.10353406416542044,-0.1029003961070456,-0.06287215992419126,-0.07813298042227401,-0.3679498893578864,-0.17904944004648105
2009,0.08798816797871112,0.07434062715480705,-0.012794513149856801,0.06140805974724328,0.2288652461788343,0.20897382123492392,0.1402773262459025,0.12921086397746295,0.26351716216450605,0.12752566235837337
2010,0.06013082506484024,0.0859627595189818,0.05348802695888599,0.056250752687627026,0.025529368610031966,0.08098105062616545,0.11857251131018387,0.0986533477605196,0.1505613296456949,0.13521484495362412
2011,0.046570632543185386,0.04848628861644211,0.0005244579983738618,0.04623647555647348,0.030117237130264263,-0.01461745287117222,-0.06121208871461825,-0.09472743222001845,0.018949910082767252,0.07690261827303391
2012,-0.00045507251132637094,0.023754686373282263,0.08255706573382393,-0.0004550725113262599,0.10216471287787665,0.08680270576968563,0.05993999781808901,0.06843232344905292,0.15990318654995783,0.11195421586230614
2013,0.03995540915846485,0.043274916337812774,0.15921223370101556,0.03995540915846463,0.3138046041729252,0.31072285678042055,0.11910637195562535,0.1374125784406528,0.3230773795064441,0.15580334376755123
2014,0.054762414319413644,0.05542709997926609,0.1339326028935075,0.05476241431941342,0.12958774644630555,0.11093755925950788,0.046667445195957,0.04644206613604118,0.13463810635845674,0.11779037467584641
2015,-0.03486125886440494,-0.04866739804533704,-0.07761094565555049,-0.03486125886440494,-0.04795980001773337,-0.036146775679783416,-0.04342650802824033,-0.059522028083223155,0.012343031385803505,0.01685709740791408
2016,0.023550150943837167,0.03268653290128132,0.06370215504388943,0.023550150943837167,0.08259040210895097,0.08981203791840064,0.07884505717158707,0.06508079223246677,0.11997889062848643,0.0768798553919825
2017,0.06796469839620989,0.058296251523664244,0.19436938031201878,0.06796469839620989,0.18943120698391325,0.1877332743892859,0.10187247174883618,0.06668647470510747,0.21705391437258958,0.13724866386150913
2018,-0.022967930510970347,-0.0250055668913014,-0.07445193894550117,-0.02296793051097057,-0.0038012072364289606,0.002648525199126839,-0.01858087277921827,-0.011221811551361593,-0.045689622660349705,-0.019652383321821953
2019,0.09540715999095384,0.12056859752301063,0.14639853839790185,0.09540715999095384,0.11232419397562898,0.13661250643309786,0.10623379746643047,0.11332068155399466,0.31223829035336226,0.21966599513491758
2020,0.07616116625619629,0.044773150148901486,-0.03716913101896935,0.07616116625619629,0.08002314469413196,-0.02242375561813037,0.09731065136872252,0.14503959223119933,0.18331616957496744,0.16396688589842268
2021,0.13073246899463564,0.13539882597081476,0.28570225062350985,0.13073246899463564,0.2563725350295849,0.2653099754415662,0.08357938539482634,0.09105599777017481,0.28728753820246467,0.15025736620378138
2022,-0.04425730507737091,-0.040656774678754726,-0.17598619148375716,-0.0442573050773708,-0.07495316032745358,-0.06491991591579527,-0.029541601230998915,-0.044249605959106875,-0.18175368830560268,-0.16565756406851606
2023,0.03247889254509517,0.04715130941859802,0.10213056828452505,0.03662976961907516,0.07066663071602886,0.07135145588065339,0.11660453625983624,0.10462787355845027,0.2617582637874598,0.16785697304755232
2024,0.06682045087759736,0.06325898535570817,0.24783126532580324,0.06693235525676955,0.16676044844773985,0.16935603859607706,0.10208737431596915,0.12131125591232639,0.24886471694947176,0.14148372743398463
2025,0.1491688991356177,0.13237234083649363,0.16756259455199785,0.1489906755517767,0.10335944376518924,0.08030277905451055,0.04849089298219611,0.04475728305201887,0.17719038073698878,0.13917409358751165
2026,0.06878063047650351,0.08480381971529805,0.0890357766244636,0.06921009419798785,0.07834178440468231,0.09521105465471824,0.11024797409052156,0.08203343863252144,0.13745224540943446,0.06226329157824795
