symbol,variant,total,cagr,max_dd,mar,bh_total,bh_cagr,bh_max_dd,trades,open_trade,win_rate,avg_win,avg_loss,worst_pct,worst_usd,exposure
SPY,All filters on,0.0,0.0,0.0,,0.899462031047251,0.13709006349833763,-0.24496412744371376,0,False,,,,,,0.0
SPY,No filters (crossover only),0.17226672700179035,0.03233895880980597,-0.17860389974253776,0.18106524469187646,0.899462031047251,0.13709006349833763,-0.24496412744371376,12,False,0.5833333333333334,0.05105392194798852,-0.0369153612654223,-0.05305768159373045,-4900.919980801409,0.2597609561752988
SPY,Without trend filter,0.0,0.0,0.0,,0.899462031047251,0.13709006349833763,-0.24496412744371376,0,False,,,,,,0.0
SPY,Without RSI filter,0.0,0.0,0.0,,0.899462031047251,0.13709006349833763,-0.24496412744371376,0,False,,,,,,0.0
SPY,Without MACD filter,0.0,0.0,0.0,,0.899462031047251,0.13709006349833763,-0.24496412744371376,0,False,,,,,,0.0
SPY,Without volume filter,0.059653134488033555,0.011670190870632036,-0.05412095816425522,0.21563163821330386,0.899462031047251,0.13709006349833763,-0.24496412744371376,4,False,0.75,0.03143048349701844,-0.03429007740215059,-0.03429007740215059,-3526.3489792004984,0.03187250996015936
SPY,Without ADX filter,0.15065344616481724,0.028499166697164346,-0.0417337444124708,0.6828806544530492,0.899462031047251,0.13709006349833763,-0.24496412744371376,2,False,1.0,0.07270232472234833,,,,0.099601593625498
QQQ,All filters on,0.0,0.0,0.0,,1.1531179326933496,0.16599244100956279,-0.3511871873567175,0,False,,,,,,0.0
QQQ,No filters (crossover only),0.41918068344833515,0.07261791804752904,-0.18249519114569923,0.3979168853252295,1.1531179326933496,0.16599244100956279,-0.3511871873567175,11,True,0.7272727272727273,0.06290837865419653,-0.054436380808724115,-0.05944145641788517,-5404.980129145522,0.3529880478087649
QQQ,Without trend filter,0.0,0.0,0.0,,1.1531179326933496,0.16599244100956279,-0.3511871873567175,0,False,,,,,,0.0
QQQ,Without RSI filter,0.0,0.0,0.0,,1.1531179326933496,0.16599244100956279,-0.3511871873567175,0,False,,,,,,0.0
QQQ,Without MACD filter,0.0,0.0,0.0,,1.1531179326933496,0.16599244100956279,-0.3511871873567175,0,False,,,,,,0.0
QQQ,Without volume filter,0.24074173093206275,0.04414157859873735,-0.07432945026552373,0.5938639185551943,1.1531179326933496,0.16599244100956279,-0.3511871873567175,2,False,1.0,0.11595781165161953,,,,0.07888446215139443
QQQ,Without ADX filter,0.16713857630703255,0.031433052915505355,-0.029396481448060285,1.0692794296162085,1.1531179326933496,0.16599244100956279,-0.3511871873567175,1,False,1.0,0.1671385763070325,,,,0.07171314741035857
IWM,Without ADX filter,-0.01911815050114618,-0.0038579543189618537,-0.12528502951035814,-0.030793418288199318,0.34745370962501654,0.06153599089092632,-0.3191165758631962,2,False,0.5,0.025421113648596724,-0.043435095646963746,-0.043435095646963746,-4343.509564696375,0.07250996015936255
IWM,All filters on,0.0,0.0,0.0,,0.34745370962501654,0.06153599089092632,-0.3191165758631962,0,False,,,,,,0.0
DIA,Without ADX filter,0.09315055956880847,0.017994751827272948,-0.026387620309109572,0.6819391675520197,0.6259298072338442,0.10223053884551025,-0.20757181356284315,2,False,1.0,0.045543097896414475,,,,0.04541832669322709
DIA,All filters on,0.0,0.0,0.0,,0.6259298072338442,0.10223053884551025,-0.20757181356284315,0,False,,,,,,0.0
XLK,Without ADX filter,0.0006481812969885148,0.00012976254342023097,-0.036189676051140984,0.003585623237877528,1.750185250426993,0.22456201813909216,-0.33559071605581503,2,False,0.5,0.03568011567762821,-0.03382505259137724,-0.03382505259137724,-3503.193438063943,0.006374501992031873
XLK,All filters on,0.0006481812969885148,0.00012976254342023097,-0.036189676051140984,0.003585623237877528,1.750185250426993,0.22456201813909216,-0.33559071605581503,2,False,0.5,0.03568011567762821,-0.03382505259137724,-0.03382505259137724,-3503.193438063943,0.006374501992031873
XLE,Without ADX filter,0.08900355148303274,0.017220244287468045,-0.15595548715165464,0.1104176877772995,1.7510632733787626,0.22464029522667905,-0.2604371364120215,6,True,0.5,0.06048261340921118,-0.05561634311612315,-0.07316120647008632,-7316.120647008633,0.15298804780876493
XLE,All filters on,0.09382379197114088,0.01812026492003982,-0.07359491109237126,0.24621627570548338,1.7510632733787626,0.22464029522667905,-0.2604371364120215,1,True,1.0,0.00581784400354416,,,,0.06613545816733067
