setup,year,strategy,basket
"Old: SMA 20/50, all filters, SPY+QQQ",2021,0.0,0.10538594899641818
"Old: SMA 20/50, all filters, SPY+QQQ",2022,0.0,-0.25409903643292964
"Old: SMA 20/50, all filters, SPY+QQQ",2023,0.0,0.3919852118348295
"Old: SMA 20/50, all filters, SPY+QQQ",2024,0.0,0.2523592675784667
"Old: SMA 20/50, all filters, SPY+QQQ",2025,0.0,0.1926573879802631
"Old: SMA 20/50, all filters, SPY+QQQ",2026,0.0,0.18202659104146646
"Old: SMA 20/50, crossover only, SPY+QQQ",2021,0.019982155790557732,0.10538594899641818
"Old: SMA 20/50, crossover only, SPY+QQQ",2022,-0.12853827745351454,-0.25409903643292964
"Old: SMA 20/50, crossover only, SPY+QQQ",2023,0.15148511301687928,0.3919852118348295
"Old: SMA 20/50, crossover only, SPY+QQQ",2024,0.11606478885763782,0.2523592675784667
"Old: SMA 20/50, crossover only, SPY+QQQ",2025,0.08317490593221644,0.1926573879802631
"Old: SMA 20/50, crossover only, SPY+QQQ",2026,0.04648556870807252,0.18202659104146646
"A: EMA 9/21, all filters, 10d window, 8 ETFs",2021,0.018167283757485775,0.07640586662928217
"A: EMA 9/21, all filters, 10d window, 8 ETFs",2022,-0.016284279410384683,-0.07320777469554096
"A: EMA 9/21, all filters, 10d window, 8 ETFs",2023,0.02166055869989636,0.19166400899520775
"A: EMA 9/21, all filters, 10d window, 8 ETFs",2024,-0.009868980384381887,0.16549053020015814
"A: EMA 9/21, all filters, 10d window, 8 ETFs",2025,-0.011327681873771756,0.16018244553106298
"A: EMA 9/21, all filters, 10d window, 8 ETFs",2026,0.022109258218497407,0.20354707564133268
"B: EMA 9/21, loosened filters, 10d window, 8 ETFs",2021,0.023045802107477753,0.07640586662928217
"B: EMA 9/21, loosened filters, 10d window, 8 ETFs",2022,-0.061066527263834325,-0.07320777469554096
"B: EMA 9/21, loosened filters, 10d window, 8 ETFs",2023,0.038276653589383036,0.19166400899520775
"B: EMA 9/21, loosened filters, 10d window, 8 ETFs",2024,0.0251886722990311,0.16549053020015814
"B: EMA 9/21, loosened filters, 10d window, 8 ETFs",2025,0.016623718967045287,0.16018244553106298
"B: EMA 9/21, loosened filters, 10d window, 8 ETFs",2026,0.05674226594236331,0.20354707564133268
"C: EMA 10/30, loosened filters, 10d window, 8 ETFs",2021,0.017678937360037006,0.07640586662928217
"C: EMA 10/30, loosened filters, 10d window, 8 ETFs",2022,-0.05239871110016747,-0.07320777469554096
"C: EMA 10/30, loosened filters, 10d window, 8 ETFs",2023,0.06250774345358234,0.19166400899520775
"C: EMA 10/30, loosened filters, 10d window, 8 ETFs",2024,0.04392201602049628,0.16549053020015814
"C: EMA 10/30, loosened filters, 10d window, 8 ETFs",2025,-0.00697318619877263,0.16018244553106298
"C: EMA 10/30, loosened filters, 10d window, 8 ETFs",2026,0.07717503423494643,0.20354707564133268
"D: EMA 9/21, trend + MACD, 10d window, 8 ETFs",2021,0.025031747562530793,0.07640586662928217
"D: EMA 9/21, trend + MACD, 10d window, 8 ETFs",2022,-0.0427743673358818,-0.07320777469554096
"D: EMA 9/21, trend + MACD, 10d window, 8 ETFs",2023,0.049935483592769,0.19166400899520775
"D: EMA 9/21, trend + MACD, 10d window, 8 ETFs",2024,0.04490102265478568,0.16549053020015814
"D: EMA 9/21, trend + MACD, 10d window, 8 ETFs",2025,0.009689347421326433,0.16018244553106298
"D: EMA 9/21, trend + MACD, 10d window, 8 ETFs",2026,0.07646162110298915,0.20354707564133268
"E: EMA 10/30, trend only, 10d window, 8 ETFs",2021,0.024635817621141642,0.07640586662928217
"E: EMA 10/30, trend only, 10d window, 8 ETFs",2022,-0.04596132073335546,-0.07320777469554096
"E: EMA 10/30, trend only, 10d window, 8 ETFs",2023,0.0762837624338204,0.19166400899520775
"E: EMA 10/30, trend only, 10d window, 8 ETFs",2024,0.06135731384627752,0.16549053020015814
"E: EMA 10/30, trend only, 10d window, 8 ETFs",2025,-0.008576766759968768,0.16018244553106298
"E: EMA 10/30, trend only, 10d window, 8 ETFs",2026,0.09116546996677677,0.20354707564133268
"F: EMA 9/21, loosened filters, 10d window, 12 ETFs",2021,0.030881019103222496,0.08887697752785528
"F: EMA 9/21, loosened filters, 10d window, 12 ETFs",2022,-0.04230421511390714,-0.08358966039613469
"F: EMA 9/21, loosened filters, 10d window, 12 ETFs",2023,0.026468557625346056,0.1592476873492461
"F: EMA 9/21, loosened filters, 10d window, 12 ETFs",2024,0.05140669885512583,0.17507264474681627
"F: EMA 9/21, loosened filters, 10d window, 12 ETFs",2025,0.017517705562018593,0.14527840518441248
"F: EMA 9/21, loosened filters, 10d window, 12 ETFs",2026,0.030751779266792845,0.1441115460269573
"G: EMA 10/30, loosened filters, 10d window, 12 ETFs",2021,0.026844494527112017,0.08887697752785528
"G: EMA 10/30, loosened filters, 10d window, 12 ETFs",2022,-0.044420561794972,-0.08358966039613469
"G: EMA 10/30, loosened filters, 10d window, 12 ETFs",2023,0.041790606933142405,0.1592476873492461
"G: EMA 10/30, loosened filters, 10d window, 12 ETFs",2024,0.06854941607207743,0.17507264474681627
"G: EMA 10/30, loosened filters, 10d window, 12 ETFs",2025,0.0024550501915223677,0.14527840518441248
"G: EMA 10/30, loosened filters, 10d window, 12 ETFs",2026,0.04787276132979823,0.1441115460269573
"H: EMA 9/21, trend + MACD, 10d window, 12 ETFs",2021,0.033086756687682906,0.08887697752785528
"H: EMA 9/21, trend + MACD, 10d window, 12 ETFs",2022,-0.029972795001765973,-0.08358966039613469
"H: EMA 9/21, trend + MACD, 10d window, 12 ETFs",2023,0.04110433041487216,0.1592476873492461
"H: EMA 9/21, trend + MACD, 10d window, 12 ETFs",2024,0.07165092588741584,0.17507264474681627
"H: EMA 9/21, trend + MACD, 10d window, 12 ETFs",2025,-0.0034705043116928236,0.14527840518441248
"H: EMA 9/21, trend + MACD, 10d window, 12 ETFs",2026,0.052468365605967904,0.1441115460269573
"I: EMA 10/30, trend only, 10d window, 12 ETFs",2021,0.03126823861112982,0.08887697752785528
"I: EMA 10/30, trend only, 10d window, 12 ETFs",2022,-0.03928546887205575,-0.08358966039613469
"I: EMA 10/30, trend only, 10d window, 12 ETFs",2023,0.05804503949772366,0.1592476873492461
"I: EMA 10/30, trend only, 10d window, 12 ETFs",2024,0.08789615293433717,0.17507264474681627
"I: EMA 10/30, trend only, 10d window, 12 ETFs",2025,-0.011678965136401431,0.14527840518441248
"I: EMA 10/30, trend only, 10d window, 12 ETFs",2026,0.06528168765203879,0.1441115460269573
"J: EMA 10/30, crossover only, 12 ETFs",2021,0.03126823861112982,0.08887697752785528
"J: EMA 10/30, crossover only, 12 ETFs",2022,-0.05051114728293338,-0.08358966039613469
"J: EMA 10/30, crossover only, 12 ETFs",2023,0.0753222481991207,0.1592476873492461
"J: EMA 10/30, crossover only, 12 ETFs",2024,0.0893013447759845,0.17507264474681627
"J: EMA 10/30, crossover only, 12 ETFs",2025,0.024446991281568797,0.14527840518441248
"J: EMA 10/30, crossover only, 12 ETFs",2026,0.06787635666714142,0.1441115460269573
